Name,Distance from Cochin port,Distance from NW3 closest terminal,Name of the closest terminal
A.A.NUTS,52.966995911432996,20.907228122122945,Alappuzha
A.M.FISHERIES,61.45281469992794,3.480696318812603,Thrikunnappuzha
AARGEE ASSOCIATES,52.8708292816474,23.44319357065687,Thannermukkom
ABAD FISHERIES,1.8728198472083997,0.7626300729550536,Willingdon Island (CoPT land-on lease)
ABM MARINE PRODUCTS,4.413807905523844,4.842354376793913,Bolgatty Island (CoPT land-on lease)
ACCELERATED FREEZE DRYING CO LTD.,15.477070691929644,12.689174341171066,Vaikkom
ACTIVE CHAR PRODUCTS P.LTD.,14.873906230580245,5.899756641054357,Aluva
SIEMEC EQUIPMENTS,14.873906230580245,5.899756641054357,Aluva
ADORN GLASS ART,57.78693471295356,29.28577872291115,Thannermukkom
AGAPPE DIAGNOSTICS LTD.,19.277812246690797,9.824377363936204,CEPZ (Kakkanadu)
AKAY FLAVOURS & AROMATICS LTD.,34.78548538091752,19.29802497842697,Aluva
ALAN TECH INDISTRIAL SOLUTIONS,34.7019257277326,15.741849250826231,Aluva
ALBERTS ARTS COLLECTIONS,1.8728198472083997,0.7626300729550536,Willingdon Island (CoPT land-on lease)
ALEX MACHINES,28.24450995802632,9.76107560452377,Thannermukkom
ALLAKKAT INTERNATIONAL,48.58089746161008,3.0292853099796395,Alappuzha
ALLEPPEY BALERS P.LTD.,1.8728198472083997,0.7626300729550536,Willingdon Island (CoPT land-on lease)
ALLEPPEY CO. LTD.,1.8728198472083997,0.7626300729550536,Willingdon Island (CoPT land-on lease)
ALLEPPEY BALERS P.LTD.,10.164889466483157,7.275384319673425,Maradu
ALLEPPEY CO. LTD.,10.164889466483157,7.275384319673425,Maradu
ALPHONSA CASHEW INDUSTRIES,112.3175982787556,20.0206710689676,Kollam
ANASWARA OFFSET P.LTD,6.778485935712736,5.869925466631436,CEPZ (Kakkanadu)
ANCHUTHARA FOOD PRODUCTS,18.9736699494072,7.781984935702736,Vaikkom
ACHUTHARA FOOD PRODUCTS,18.9736699494072,7.781984935702736,Vaikkom
ANCHUTHENGIL AGRI SUPPLY,52.966995911432996,20.907228122122945,Alappuzha
ANGEL CASHEWS,115.52936623162965,24.77757119371837,Kollam
ANJIPARAMBIL ASSOCIATES,2.6332389470466806,3.1359132290227825,Bolgatty Island (CoPT land-on lease)
AQUA GENO EXIM,10.164889466483157,7.275384319673425,Maradu
AQUA SEAFOOD(INDIA)P.LTD.,5.592898217341665,4.0147920224662865,Maradu
ARANI EXPORTS,7.614609412985681,4.413024439507884,CEPZ (Kakkanadu)
ARBEE AGENCIES,25.803982805282324,7.036142725181709,Vaikkom
ASHJOE COLD CHAIN ESTABLISHMENT,10.164889466483157,7.275384319673425,Maradu
ASMA RUBBER PRODUCTS P. LTD.,8.817136227317906,1.6356428306012087,CEPZ (Kakkanadu)
ASWIN ASSOCIATES,2.28667608697253,2.4023017357027223,Bolgatty Island (CoPT land-on lease)
ATLANTIC CARE CHEMICALS,54.5780221513337,3.2660672496551606,Alappuzha
AVLA NETTOS EXPORTS,117.79899909193574,8.35592104271684,Kollam
AYKARA PHARMACEUTICALS,113.16569403210652,13.5494139411056,Kollam
AYUR PANCHAKARMA EQUIPMENTS,22.220933199427343,7.431988941404078,Aluva
B.S.RUBBERS,52.966995911432996,20.907228122122945,Alappuzha
BABIN TECHNOLOGIES,134.95531818053104,106.30941141874096,Kottapuram
BABU COIR WORKS,42.98306787885171,8.399668593762177,Alappuzha
BABY MARINE INTERNATIONAL,2.28667608697253,2.4023017357027223,Bolgatty Island (CoPT land-on lease)
BAFNA ENTERPRISES,9.738940173861415,9.236546784549544,Maradu
BAKKHUS MERLOT INDUSTRIES,28.60260876171794,13.514249613837453,Aluva
BASCO FOODS (INDIA )PVT. LTD ,10.606961510068723,2.0403433720475737,CEPZ (Kakkanadu)
BASH-P INTERNATIONAL,6864.1067513324315,6845.298804186587,Aluva
BELL FOODS,2.28667608697253,2.4023017357027223,Bolgatty Island (CoPT land-on lease)
BETHANYA CASHEW COMPANY,112.3175982787556,20.0206710689676,Kollam
BETHSAIDA CASHEW COMPANY,112.3175982787556,20.0206710689676,Kollam
BISMI TRADING COMPANY,34.12433964830768,26.342724412279935,CEPZ (Kakkanadu)
BISMILLAH AGRI COMMODITIES,122.72470742680734,1.4783296265113484,Kollam
BLASTLINE  INDIA,6.778485935712736,5.869925466631436,CEPZ (Kakkanadu)
BLUEMOUNTAIN EXPORTERS,3.0809491753292595,0.8881516482863032,Willingdon Island (CoPT land-on lease)
BROS INDIA GROUP,38.61956142343948,9.974637163803532,Thannermukkom
BUSTHAN AL WATHANIYA,25.79028267882384,3.832219302065872,Vaikkom
C.R.I.RUBBERS,51.79093468154864,21.896848080013555,Thannermukkom
CARRIS PIPES,34.75932308814593,17.969953602814126,Aluva
CAT COIR,33.3313352376576,7.454581855876451,Thannermukkom
CATHOLIC ART CENTRE,4.378239478606447,4.086756855127446,Bolgatty Island (CoPT land-on lease)
CEAKAY INDUSTRIES,59.806789776254234,20.667451972378885,Alappuzha
CHANDRA CASHEW FACTORY,112.3175982787556,20.0206710689676,Kollam
CHARANKATTU COIR MFG.CO.P.LTD.,30.449717495980156,7.313850201401928,Thannermukkom
CHARLY FISHERIES,115.52526794594202,7.4731539021562625,Chavara
CHEMMEENS (REGD),2.28667608697253,2.4023017357027223,Bolgatty Island (CoPT land-on lease)
CHERUKATTU INDUSTRIES,10.164889466483157,7.275384319673425,Maradu
CHETHANA PHARMACEUTICALS,112.96675345333132,85.49100540582478,Kottapuram
CII GUARDIAN INTERNATIONAL LTD.,8.817136227317906,1.6356428306012087,CEPZ (Kakkanadu)
CLAIRON FILTERS,8.817136227317906,1.6356428306012087,CEPZ (Kakkanadu)
CLASSIC COIR FACTORY,42.98306787885171,8.399668593762177,Alappuzha
COCHIN CADALAS P.LTD.,7.614609412985681,4.413024439507884,CEPZ (Kakkanadu)
COCHIN CONDIMENTS P.LTD.,7.614609412985681,4.413024439507884,CEPZ (Kakkanadu)
COCHIN COSMOS FOODS LTD.,7.614609412985681,4.413024439507884,CEPZ (Kakkanadu)
COCHIN DIES AND MOULDS,7.614609412985681,4.413024439507884,CEPZ (Kakkanadu)
COCHIN FROZEN FOOD EXPORTS P. LTD.,7.614609412985681,4.413024439507884,CEPZ (Kakkanadu)
COCHIN RECLAIM & RUBBER,7.614609412985681,4.413024439507884,CEPZ (Kakkanadu)
COCHIN RUBBER INDUSTRIES,7.614609412985681,4.413024439507884,CEPZ (Kakkanadu)
COCHIN TRADING,7.614609412985681,4.413024439507884,CEPZ (Kakkanadu)
KOCHI IMPEX,7.614609412985681,4.413024439507884,CEPZ (Kakkanadu)
KOCHI BENNALE,7.614609412985681,4.413024439507884,CEPZ (Kakkanadu)
COCHIN CHEMICALS & RUBBER PRODUCTS,7.614609412985681,4.413024439507884,CEPZ (Kakkanadu)
COCHIN PACKERS,7.614609412985681,4.413024439507884,CEPZ (Kakkanadu)
"COCHIN FOOD TECH P. LTD,",7.614609412985681,4.413024439507884,CEPZ (Kakkanadu)
COCHIN CADALAS P.LTD.,1.8728198472083997,0.7626300729550536,Willingdon Island (CoPT land-on lease)
COCHIN CONDIMENTS P.LTD.,1.8728198472083997,0.7626300729550536,Willingdon Island (CoPT land-on lease)
COCHIN COSMOS FOODS LTD.,1.8728198472083997,0.7626300729550536,Willingdon Island (CoPT land-on lease)
COCHIN DIES AND MOULDS,1.8728198472083997,0.7626300729550536,Willingdon Island (CoPT land-on lease)
COCHIN FROZEN FOOD EXPORTS P. LTD.,1.8728198472083997,0.7626300729550536,Willingdon Island (CoPT land-on lease)
COCHIN RECLAIM & RUBBER,1.8728198472083997,0.7626300729550536,Willingdon Island (CoPT land-on lease)
COCHIN RUBBER INDUSTRIES,1.8728198472083997,0.7626300729550536,Willingdon Island (CoPT land-on lease)
COCHIN TRADING,1.8728198472083997,0.7626300729550536,Willingdon Island (CoPT land-on lease)
KOCHI IMPEX,1.8728198472083997,0.7626300729550536,Willingdon Island (CoPT land-on lease)
KOCHI BENNALE,1.8728198472083997,0.7626300729550536,Willingdon Island (CoPT land-on lease)
COCHIN CHEMICALS & RUBBER PRODUCTS,1.8728198472083997,0.7626300729550536,Willingdon Island (CoPT land-on lease)
COCHIN PACKERS,1.8728198472083997,0.7626300729550536,Willingdon Island (CoPT land-on lease)
"COCHIN FOOD TECH P. LTD,",1.8728198472083997,0.7626300729550536,Willingdon Island (CoPT land-on lease)
COCHIN CADALAS P.LTD.,30.449717495980156,7.313850201401928,Thannermukkom
COCHIN CONDIMENTS P.LTD.,30.449717495980156,7.313850201401928,Thannermukkom
COCHIN COSMOS FOODS LTD.,30.449717495980156,7.313850201401928,Thannermukkom
COCHIN DIES AND MOULDS,30.449717495980156,7.313850201401928,Thannermukkom
COCHIN FROZEN FOOD EXPORTS P. LTD.,30.449717495980156,7.313850201401928,Thannermukkom
COCHIN RECLAIM & RUBBER,30.449717495980156,7.313850201401928,Thannermukkom
COCHIN RUBBER INDUSTRIES,30.449717495980156,7.313850201401928,Thannermukkom
COCHIN TRADING,30.449717495980156,7.313850201401928,Thannermukkom
KOCHI IMPEX,30.449717495980156,7.313850201401928,Thannermukkom
KOCHI BENNALE,30.449717495980156,7.313850201401928,Thannermukkom
COCHIN CHEMICALS & RUBBER PRODUCTS,30.449717495980156,7.313850201401928,Thannermukkom
COCHIN PACKERS,30.449717495980156,7.313850201401928,Thannermukkom
"COCHIN FOOD TECH P. LTD,",30.449717495980156,7.313850201401928,Thannermukkom
COCHIN EXPORTS,6.983519953951737,2.8791395079967805,CEPZ (Kakkanadu)
COCHIN EXPORTS  ,6.983519953951737,2.8791395079967805,CEPZ (Kakkanadu)
COCHIN CADALAS P.LTD.,10.164889466483157,7.275384319673425,Maradu
COCHIN CONDIMENTS P.LTD.,10.164889466483157,7.275384319673425,Maradu
COCHIN COSMOS FOODS LTD.,10.164889466483157,7.275384319673425,Maradu
COCHIN DIES AND MOULDS,10.164889466483157,7.275384319673425,Maradu
COCHIN FROZEN FOOD EXPORTS P. LTD.,10.164889466483157,7.275384319673425,Maradu
COCHIN RECLAIM & RUBBER,10.164889466483157,7.275384319673425,Maradu
COCHIN RUBBER INDUSTRIES,10.164889466483157,7.275384319673425,Maradu
COCHIN TRADING,10.164889466483157,7.275384319673425,Maradu
KOCHI IMPEX,10.164889466483157,7.275384319673425,Maradu
KOCHI BENNALE,10.164889466483157,7.275384319673425,Maradu
COCHIN CHEMICALS & RUBBER PRODUCTS,10.164889466483157,7.275384319673425,Maradu
COCHIN PACKERS,10.164889466483157,7.275384319673425,Maradu
"COCHIN FOOD TECH P. LTD,",10.164889466483157,7.275384319673425,Maradu
COCHIN MINERALS AND RUTILE LTD.,18.265983302885743,1.5443212892369902,Aluva
COCHIN SURFACTANTS P.LTD.,14.873906230580245,5.899756641054357,Aluva
COCHIN TRADERS COCHIN,4.413807905523844,4.842354376793913,Bolgatty Island (CoPT land-on lease)
COCO  FIBRE TEX,49.83736831117566,1.8820905129966898,Alappuzha
COIMBATORE POTTERIES & REFRACTORIES,7.614609412985681,4.413024439507884,CEPZ (Kakkanadu)
2F WIND POWER COIMBATORE PVT LTD,7.614609412985681,4.413024439507884,CEPZ (Kakkanadu)
COIMBATORE SUPER ALLOYS P.LTD.,7.614609412985681,4.413024439507884,CEPZ (Kakkanadu)
MIRACLE RECLAIM RUBBER COIMBATORE P.LTD.,7.614609412985681,4.413024439507884,CEPZ (Kakkanadu)
COIMBATORE COTS & COATINGS LTD.,7.614609412985681,4.413024439507884,CEPZ (Kakkanadu)
COIMBATORE POLYTEX,7.614609412985681,4.413024439507884,CEPZ (Kakkanadu)
COIR FLEX,26.108332560616518,9.226641137992708,Vaikkom
COIR FLOOR FURNISHING CO.,51.439441896362936,0.7605570812753425,Alappuzha
COIR MATES INDIA,33.3313352376576,7.454581855876451,Thannermukkom
COMET EXPORTS,38.61956142343948,9.974637163803532,Thannermukkom
CONSOLIDATED WOOD INDUSTRIES,54.18500241298775,19.701908276978507,Alappuzha
COONOOR TEA ESTATES CO. LTD.,1.8728198472083997,0.7626300729550536,Willingdon Island (CoPT land-on lease)
COVEMA FILAMENTS LTD.,8.817136227317906,1.6356428306012087,CEPZ (Kakkanadu)
CRAFT INDIA FOOTWEAR CALICUT,7.614609412985681,4.413024439507884,CEPZ (Kakkanadu)
CRESCENT INTERNATIONAL TYRE TREADS,20.05241366162006,4.93075739268789,Aluva
CROSSINGS INTERNATIONAL DISTRIBUTION,8.817136227317906,1.6356428306012087,CEPZ (Kakkanadu)
D.C. MILLS,42.98306787885171,8.399668593762177,Alappuzha
DEEPA AGENCIES,1.9633711877004516,2.327506503132738,Bolgatty Island (CoPT land-on lease)
DELSEA EXPORTS P.LTD.,4.413807905523844,4.842354376793913,Bolgatty Island (CoPT land-on lease)
DEVICOLAM DISTILLERIES LTD,6864.1067513324315,6845.298804186587,Aluva
DOLPHIN RUBBER INDUSTRIES,52.966995911432996,20.907228122122945,Alappuzha
DREAMS EXPORTS,82.75762873836285,7.157751572500097,Kayamkulam (Ayiramthengu)
DUSTAN WOOD,57.16081272746164,19.75932944474305,Alappuzha
DYNAMIC TECHNO MEDICALS PVT. LTD.,18.265983302885743,1.5443212892369902,Aluva
EASTERN RUG MILLS,51.439441896362936,0.7605570812753425,Alappuzha
EGATE INTERNATIONAL,5.050700395719161,3.7150089794644336,Maradu
EMMANUEL CASHEW INDUSTRIES,125.62620700688106,20.819013118908813,Kollam
ENGINEERED  ELASTOMER SOLUTIONS CO.,8.817136227317906,1.6356428306012087,CEPZ (Kakkanadu)
ESCON CHEMICAL COMPANY,25.089450435291134,6.780668009038842,Aluva
ESMARIO EXPORT ENTERPRISES,119.38323410945829,6.8385473789790305,Kollam
EVEREST WOOD INDUSTRIES,29.616644349791994,14.194021724229025,Aluva
EVERGREEN EXPORTS,0.32655734421592225,0.4997491584487901,Bolgatty Island (CoPT land-on lease)
EXCEL LEATHERS,3.9346083328527053,3.769313132097833,Bolgatty Island (CoPT land-on lease)
F.G.TRADING COMPANY,2.725397561065659,2.708424515677238,Bolgatty Island (CoPT land-on lease)
FAVOUR-ITA INTERNATIONAL,9.738940173861415,9.236546784549544,Maradu
FCI OEN CONNECTORS LTD.,5.050700395719161,3.7150089794644336,Maradu
FEBIN MARINE FOODS,15.477070691929644,12.689174341171066,Vaikkom
R.F. EXPORTS,15.477070691929644,12.689174341171066,Vaikkom
FIBER WONDERS,33.3313352376576,7.454581855876451,Thannermukkom
FIBRE WORLD,38.61956142343948,9.974637163803532,Thannermukkom
FILTROWIN INDUSTRIES,3.5166913748707236,3.9044919160941927,Bolgatty Island (CoPT land-on lease)
FINE ART EMPORIUM,1.8728198472083997,0.7626300729550536,Willingdon Island (CoPT land-on lease)
FIVE STAR OFFSET PRINTERS,6.144903979920399,1.3864041875964412,Maradu
FOAM MATTINGS INDIA LTD.,51.95796181141848,1.731332318925418,Alappuzha
FOCUS APPARELS,123.58037266208305,95.05448467833483,Kottapuram
FOODCO DELICASIES INDIA P.LTD.,18.9736699494072,7.781984935702736,Vaikkom
FOOT WELL EXIM,126.37260086133097,97.95220307355456,Kottapuram
FRIENDS MARINE INDUSTRIES,15.477070691929644,12.689174341171066,Vaikkom
G.K.S BUSINESS ASSOCIATES,10.164889466483157,7.275384319673425,Maradu
GENERAL RUBBERS,44.595365773087174,17.94474438380167,Thannermukkom
GEO SEAFOODS,2.28667608697253,2.4023017357027223,Bolgatty Island (CoPT land-on lease)
GLENROCK RUBBER PRODUCTS P. LTD.,61.958464665648286,37.731070642498814,Thannermukkom
GLOBAL EXPORTERS,12.515179440581356,7.1384145235956975,CEPZ (Kakkanadu)
GLOBEX GLOVES,26.20280101114799,13.292469599075574,Aluva
GOOD EARTH ORGANIC,32.293436716729,14.0625687659546,Aluva
GRAND MARINE FOODS,10.164889466483157,7.275384319673425,Maradu
GRANDMAS FOOD PRODUCTS,34.12433964830768,26.342724412279935,CEPZ (Kakkanadu)
GREEN METHOD ENGINEERING P.LTD.,12.256869052234148,5.624411567178295,CEPZ (Kakkanadu)
GREEN VALLEY CONDIMENTS,25.15349995953106,9.102831607483825,Aluva
GREEN WORLD COIR EXPORTS,3.0809491753292595,0.8881516482863032,Willingdon Island (CoPT land-on lease)
GREENLEAF EXTRACTIONS PVT LTD,13.293640542467587,5.138630252618566,CEPZ (Kakkanadu)
GRIPPO POLYMERS,126.73766306768087,98.08347081601968,Kottapuram
HANDICRAFTS DEVE. CORPN. OF KERALA LTD.,1.8728198472083997,0.7626300729550536,Willingdon Island (CoPT land-on lease)
KERAL DINESH BEEDI WORKERS,1.8728198472083997,0.7626300729550536,Willingdon Island (CoPT land-on lease)
KERALA AGRO MACHINERY CORPN. LTD.,1.8728198472083997,0.7626300729550536,Willingdon Island (CoPT land-on lease)
KERALA CARDAMOM PROCESSING & MKTG.CO.LTD,1.8728198472083997,0.7626300729550536,Willingdon Island (CoPT land-on lease)
KERALA CERAMICS LTD.,1.8728198472083997,0.7626300729550536,Willingdon Island (CoPT land-on lease)
KERALA DINESH BEEDI WORKERS,1.8728198472083997,0.7626300729550536,Willingdon Island (CoPT land-on lease)
KERALA HOME FOOD STUFF EXPORT,1.8728198472083997,0.7626300729550536,Willingdon Island (CoPT land-on lease)
KERALA MINERALS & METALS LTD.,1.8728198472083997,0.7626300729550536,Willingdon Island (CoPT land-on lease)
KERALA RUBBER & RECLAIMS LTD.,1.8728198472083997,0.7626300729550536,Willingdon Island (CoPT land-on lease)
KERALA STATE CASHEW WORKERS APEX INDSTL.,1.8728198472083997,0.7626300729550536,Willingdon Island (CoPT land-on lease)
KERALA STATE CO-OP.RUBBER MKT.FED.LTD.,1.8728198472083997,0.7626300729550536,Willingdon Island (CoPT land-on lease)
KERALA VILLAGE CRAFTS,1.8728198472083997,0.7626300729550536,Willingdon Island (CoPT land-on lease)
MORE COMPUTERS(KERALA)P.LTD.,1.8728198472083997,0.7626300729550536,Willingdon Island (CoPT land-on lease)
RAM BAHADUR THAKUR KERALA P. LTD.,1.8728198472083997,0.7626300729550536,Willingdon Island (CoPT land-on lease)
TUSCANY KERALA GARMENTS P.LTD.,1.8728198472083997,0.7626300729550536,Willingdon Island (CoPT land-on lease)
KERALA ELECTRICAL&ALLIED ENGG.CO.LTD.,1.8728198472083997,0.7626300729550536,Willingdon Island (CoPT land-on lease)
KERALA HANDICRATS,1.8728198472083997,0.7626300729550536,Willingdon Island (CoPT land-on lease)
KERALA KERAKARSHAKA FEDERATION LTD.,1.8728198472083997,0.7626300729550536,Willingdon Island (CoPT land-on lease)
KERALA CONSTRUCTION SPECIALITIES,1.8728198472083997,0.7626300729550536,Willingdon Island (CoPT land-on lease)
KERALA STATE ELECTRONIC DEV. CORPN. LTD.,1.8728198472083997,0.7626300729550536,Willingdon Island (CoPT land-on lease)
KERALA PLANTATIONS,1.8728198472083997,0.7626300729550536,Willingdon Island (CoPT land-on lease)
KERALA STATE INDSTL.ENTERPRISES,1.8728198472083997,0.7626300729550536,Willingdon Island (CoPT land-on lease)
KERALA SANGHEETHA NATAK ACCADEMY,1.8728198472083997,0.7626300729550536,Willingdon Island (CoPT land-on lease)
KERALA SEA FOODS,1.8728198472083997,0.7626300729550536,Willingdon Island (CoPT land-on lease)
REGIONAL AGRO INDSTL.DEVELOPMENT CO.OP.OF KERALA L,1.8728198472083997,0.7626300729550536,Willingdon Island (CoPT land-on lease)
KERALA EXPORTS,1.8728198472083997,0.7626300729550536,Willingdon Island (CoPT land-on lease)
KERALA STATE CO-OPERATIVE FEDERATION FOR FISHERIES,1.8728198472083997,0.7626300729550536,Willingdon Island (CoPT land-on lease)
KERALA IMPEX,1.8728198472083997,0.7626300729550536,Willingdon Island (CoPT land-on lease)
KERAL DHARA,1.8728198472083997,0.7626300729550536,Willingdon Island (CoPT land-on lease)
HERBAL ISOLATES P. LTD.,17.76124208455345,10.007519912317903,CEPZ (Kakkanadu)
HIC-ABF SPECIAL FOODS P.LTD.,10.164889466483157,7.275384319673425,Maradu
HIGH SEAS EXIM,12.535833754800883,8.866591383178383,Maradu
HOLMARC OPTO-MECHATRONICS PVT LTD,13.293640542467587,5.138630252618566,CEPZ (Kakkanadu)
HYKA POLYURETHANELS,121.44160154341013,92.88645128134377,Kottapuram
ILLICKAL EXPORTS,60.961203561321135,42.770689158644025,Vaikkom
INDIAN AQUATIC PRODUCTS,117.79899909193574,8.35592104271684,Kollam
INDIAN MARINE INDUSTRIES,4.413807905523844,4.842354376793913,Bolgatty Island (CoPT land-on lease)
INFRA ELEVATORS INDIA,6.221889916603116,3.9845729721872343,CEPZ (Kakkanadu)
INNO MOTION TECHNOLOGIES,15.690639760506842,3.3035568111114006,Aluva
INSTITUTE OF MOBILE PHONE TECHNOLOGY P.LTD.,128.8680790390969,100.23698179609724,Kottapuram
INTEGRATED RUBIAN EXPORTS LTD.,10.164889466483157,7.275384319673425,Maradu
INTERCON WOOD INDUSTRIES,29.616644349791994,14.194021724229025,Aluva
J.B.C. INTERNATIONAL,38.61956142343948,9.974637163803532,Thannermukkom
JANATHA POLYMERS,85.18148969820867,10.83716947382562,Kayamkulam (Ayiramthengu)
JANSONS BALERS,51.852447474494234,0.6898212400367526,Alappuzha
JAYAKRISHNA COIRS,30.449717495980156,7.313850201401928,Thannermukkom
JAYASREE COIR MILLS,34.27890771837362,5.025025404028583,Thannermukkom
JEMSONS STARCH AND DERIVATIVES ,10.164889466483157,7.275384319673425,Maradu
JOSH RUBBERS,52.966995911432996,20.907228122122945,Alappuzha
JR EXPORT INDUSTRIES,51.439441896362936,0.7605570812753425,Alappuzha
K.K.R.AGRO MILLS P.LTD.,29.426245634626664,11.663172084167693,Aluva
K.K.R.FOOD PRODUCTS,29.426245634626664,11.663172084167693,Aluva
KAILAS CASHEW EXPORTS,117.92410075138682,15.858680688695548,Kollam
KAIRALI GRANITES,6.320216249217071,1.0337634212546833,Maradu
KAISONS RUBBERS,32.293436716729,14.0625687659546,Aluva
KALATHIL EXPORTS&IMPORTS,7.138139321991391,4.0627730748139905,Maradu
KALPAKA EXPORTS,61.45281469992794,3.480696318812603,Thrikunnappuzha
KALYAN SILKS TRICHUR P.LTD.,10.164889466483157,7.275384319673425,Maradu
KANNAN DEVAN HILLS PLANTATIONS,52.966995911432996,20.907228122122945,Alappuzha
KAY CEE CORPORATION,4.378239478606447,4.086756855127446,Bolgatty Island (CoPT land-on lease)
KAY KAY EXPORTS,9.738940173861415,9.236546784549544,Maradu
KEMTECH EXPORTS,30.449717495980156,7.313850201401928,Thannermukkom
KERA PALM CREATIONS,48.34938650204578,3.0399911238637722,Alappuzha
HANDICRAFTS DEVE. CORPN. OF KERALA LTD.,52.966995911432996,20.907228122122945,Alappuzha
KERAL DINESH BEEDI WORKERS,52.966995911432996,20.907228122122945,Alappuzha
KERALA AGRO MACHINERY CORPN. LTD.,52.966995911432996,20.907228122122945,Alappuzha
KERALA CARDAMOM PROCESSING & MKTG.CO.LTD,52.966995911432996,20.907228122122945,Alappuzha
KERALA CERAMICS LTD.,52.966995911432996,20.907228122122945,Alappuzha
KERALA DINESH BEEDI WORKERS,52.966995911432996,20.907228122122945,Alappuzha
KERALA HOME FOOD STUFF EXPORT,52.966995911432996,20.907228122122945,Alappuzha
KERALA MINERALS & METALS LTD.,52.966995911432996,20.907228122122945,Alappuzha
KERALA RUBBER & RECLAIMS LTD.,52.966995911432996,20.907228122122945,Alappuzha
KERALA STATE CASHEW WORKERS APEX INDSTL.,52.966995911432996,20.907228122122945,Alappuzha
KERALA STATE CO-OP.RUBBER MKT.FED.LTD.,52.966995911432996,20.907228122122945,Alappuzha
KERALA VILLAGE CRAFTS,52.966995911432996,20.907228122122945,Alappuzha
MORE COMPUTERS(KERALA)P.LTD.,52.966995911432996,20.907228122122945,Alappuzha
RAM BAHADUR THAKUR KERALA P. LTD.,52.966995911432996,20.907228122122945,Alappuzha
TUSCANY KERALA GARMENTS P.LTD.,52.966995911432996,20.907228122122945,Alappuzha
KERALA ELECTRICAL&ALLIED ENGG.CO.LTD.,52.966995911432996,20.907228122122945,Alappuzha
KERALA HANDICRATS,52.966995911432996,20.907228122122945,Alappuzha
KERALA KERAKARSHAKA FEDERATION LTD.,52.966995911432996,20.907228122122945,Alappuzha
KERALA CONSTRUCTION SPECIALITIES,52.966995911432996,20.907228122122945,Alappuzha
KERALA STATE ELECTRONIC DEV. CORPN. LTD.,52.966995911432996,20.907228122122945,Alappuzha
KERALA PLANTATIONS,52.966995911432996,20.907228122122945,Alappuzha
KERALA STATE INDSTL.ENTERPRISES,52.966995911432996,20.907228122122945,Alappuzha
KERALA SANGHEETHA NATAK ACCADEMY,52.966995911432996,20.907228122122945,Alappuzha
KERALA SEA FOODS,52.966995911432996,20.907228122122945,Alappuzha
REGIONAL AGRO INDSTL.DEVELOPMENT CO.OP.OF KERALA L,52.966995911432996,20.907228122122945,Alappuzha
KERALA EXPORTS,52.966995911432996,20.907228122122945,Alappuzha
KERALA STATE CO-OPERATIVE FEDERATION FOR FISHERIES,52.966995911432996,20.907228122122945,Alappuzha
KERALA IMPEX,52.966995911432996,20.907228122122945,Alappuzha
KERAL DHARA,52.966995911432996,20.907228122122945,Alappuzha
HANDICRAFTS DEVE. CORPN. OF KERALA LTD.,30.449717495980156,7.313850201401928,Thannermukkom
KERAL DINESH BEEDI WORKERS,30.449717495980156,7.313850201401928,Thannermukkom
KERALA AGRO MACHINERY CORPN. LTD.,30.449717495980156,7.313850201401928,Thannermukkom
KERALA CARDAMOM PROCESSING & MKTG.CO.LTD,30.449717495980156,7.313850201401928,Thannermukkom
KERALA CERAMICS LTD.,30.449717495980156,7.313850201401928,Thannermukkom
KERALA DINESH BEEDI WORKERS,30.449717495980156,7.313850201401928,Thannermukkom
KERALA HOME FOOD STUFF EXPORT,30.449717495980156,7.313850201401928,Thannermukkom
KERALA MINERALS & METALS LTD.,30.449717495980156,7.313850201401928,Thannermukkom
KERALA RUBBER & RECLAIMS LTD.,30.449717495980156,7.313850201401928,Thannermukkom
KERALA STATE CASHEW WORKERS APEX INDSTL.,30.449717495980156,7.313850201401928,Thannermukkom
KERALA STATE CO-OP.RUBBER MKT.FED.LTD.,30.449717495980156,7.313850201401928,Thannermukkom
KERALA VILLAGE CRAFTS,30.449717495980156,7.313850201401928,Thannermukkom
MORE COMPUTERS(KERALA)P.LTD.,30.449717495980156,7.313850201401928,Thannermukkom
RAM BAHADUR THAKUR KERALA P. LTD.,30.449717495980156,7.313850201401928,Thannermukkom
TUSCANY KERALA GARMENTS P.LTD.,30.449717495980156,7.313850201401928,Thannermukkom
KERALA ELECTRICAL&ALLIED ENGG.CO.LTD.,30.449717495980156,7.313850201401928,Thannermukkom
KERALA HANDICRATS,30.449717495980156,7.313850201401928,Thannermukkom
KERALA KERAKARSHAKA FEDERATION LTD.,30.449717495980156,7.313850201401928,Thannermukkom
KERALA CONSTRUCTION SPECIALITIES,30.449717495980156,7.313850201401928,Thannermukkom
KERALA STATE ELECTRONIC DEV. CORPN. LTD.,30.449717495980156,7.313850201401928,Thannermukkom
KERALA PLANTATIONS,30.449717495980156,7.313850201401928,Thannermukkom
KERALA STATE INDSTL.ENTERPRISES,30.449717495980156,7.313850201401928,Thannermukkom
KERALA SANGHEETHA NATAK ACCADEMY,30.449717495980156,7.313850201401928,Thannermukkom
KERALA SEA FOODS,30.449717495980156,7.313850201401928,Thannermukkom
REGIONAL AGRO INDSTL.DEVELOPMENT CO.OP.OF KERALA L,30.449717495980156,7.313850201401928,Thannermukkom
KERALA EXPORTS,30.449717495980156,7.313850201401928,Thannermukkom
KERALA STATE CO-OPERATIVE FEDERATION FOR FISHERIES,30.449717495980156,7.313850201401928,Thannermukkom
KERALA IMPEX,30.449717495980156,7.313850201401928,Thannermukkom
KERAL DHARA,30.449717495980156,7.313850201401928,Thannermukkom
KERALA BALERS LTD.,48.58089746161008,3.0292853099796395,Alappuzha
HANDICRAFTS DEVE. CORPN. OF KERALA LTD.,10.164889466483157,7.275384319673425,Maradu
KERAL DINESH BEEDI WORKERS,10.164889466483157,7.275384319673425,Maradu
KERALA AGRO MACHINERY CORPN. LTD.,10.164889466483157,7.275384319673425,Maradu
KERALA CARDAMOM PROCESSING & MKTG.CO.LTD,10.164889466483157,7.275384319673425,Maradu
KERALA CERAMICS LTD.,10.164889466483157,7.275384319673425,Maradu
KERALA DINESH BEEDI WORKERS,10.164889466483157,7.275384319673425,Maradu
KERALA HOME FOOD STUFF EXPORT,10.164889466483157,7.275384319673425,Maradu
KERALA MINERALS & METALS LTD.,10.164889466483157,7.275384319673425,Maradu
KERALA RUBBER & RECLAIMS LTD.,10.164889466483157,7.275384319673425,Maradu
KERALA STATE CASHEW WORKERS APEX INDSTL.,10.164889466483157,7.275384319673425,Maradu
KERALA STATE CO-OP.RUBBER MKT.FED.LTD.,10.164889466483157,7.275384319673425,Maradu
KERALA VILLAGE CRAFTS,10.164889466483157,7.275384319673425,Maradu
MORE COMPUTERS(KERALA)P.LTD.,10.164889466483157,7.275384319673425,Maradu
RAM BAHADUR THAKUR KERALA P. LTD.,10.164889466483157,7.275384319673425,Maradu
TUSCANY KERALA GARMENTS P.LTD.,10.164889466483157,7.275384319673425,Maradu
KERALA ELECTRICAL&ALLIED ENGG.CO.LTD.,10.164889466483157,7.275384319673425,Maradu
KERALA HANDICRATS,10.164889466483157,7.275384319673425,Maradu
KERALA KERAKARSHAKA FEDERATION LTD.,10.164889466483157,7.275384319673425,Maradu
KERALA CONSTRUCTION SPECIALITIES,10.164889466483157,7.275384319673425,Maradu
KERALA STATE ELECTRONIC DEV. CORPN. LTD.,10.164889466483157,7.275384319673425,Maradu
KERALA PLANTATIONS,10.164889466483157,7.275384319673425,Maradu
KERALA STATE INDSTL.ENTERPRISES,10.164889466483157,7.275384319673425,Maradu
KERALA SANGHEETHA NATAK ACCADEMY,10.164889466483157,7.275384319673425,Maradu
KERALA SEA FOODS,10.164889466483157,7.275384319673425,Maradu
REGIONAL AGRO INDSTL.DEVELOPMENT CO.OP.OF KERALA L,10.164889466483157,7.275384319673425,Maradu
KERALA EXPORTS,10.164889466483157,7.275384319673425,Maradu
KERALA STATE CO-OPERATIVE FEDERATION FOR FISHERIES,10.164889466483157,7.275384319673425,Maradu
KERALA IMPEX,10.164889466483157,7.275384319673425,Maradu
KERAL DHARA,10.164889466483157,7.275384319673425,Maradu
KERALA NUT FOOD CO.,123.76446933418563,1.8782963003305788,Kollam
KERALA STATE COIR CORPN.LTD.,51.439441896362936,0.7605570812753425,Alappuzha
KERALA SURGICAL EQUIPMENTS CO.,9.846205942859326,0.9943784714623326,CEPZ (Kakkanadu)
KINGS MARINE PRODUCTS,122.4580028122313,1.1672062213894787,Kollam
KOCHI KICHEN EXPORTS,4.413807905523844,4.842354376793913,Bolgatty Island (CoPT land-on lease)
KODANDARAM ROLLER FLOUR MILLS PVT,27.6611068702931,8.716374675897896,Aluva
KOHINOOR FLOORS P.LTD.,6.320216249217071,1.0337634212546833,Maradu
KOTTACKAL AGRO FOODS,34.7019257277326,15.741849250826231,Aluva
KOTTACKAL SURGICALS,118.55263838602471,89.94518102705898,Kottapuram
KOTTAKKAL AYUR THERAPIES P.LTD.,10.164889466483157,7.275384319673425,Maradu
KOTTACKAL AYURVEDIC TRADING COMPANY,10.164889466483157,7.275384319673425,Maradu
KOTTAKAL EXPORTS,10.164889466483157,7.275384319673425,Maradu
KOZHIKODENS AGRO FOODS AND EXPORTERS,6006.946290867941,5987.850519558772,Kottapuram
KUMAR CASHEW EXPORTS,127.5977382255518,38.325903902785164,Kollam
KURUWA ENTERPRISES,2.28667608697253,2.4023017357027223,Bolgatty Island (CoPT land-on lease)
KUTHIATHODE COIR MATS&MATTING CO-OP.SOCIETY LTD.,10.164889466483157,7.275384319673425,Maradu
KUTTANADU COIR&RUBBER PRODUCTS,10.164889466483157,7.275384319673425,Maradu
KUTTUKARAN TRADING VENTURES,6.221889916603116,3.9845729721872343,CEPZ (Kakkanadu)
LAMIT CERAMICS,133.72808017555099,105.66378460545131,Kottapuram
LAWRENCE HANDICRAFTS,1.8728198472083997,0.7626300729550536,Willingdon Island (CoPT land-on lease)
LEETHA INDUSTRIES,12.256869052234148,5.624411567178295,CEPZ (Kakkanadu)
LORDS EXPORTS,30.449717495980156,7.313850201401928,Thannermukkom
LULU INTERNATIONAL SHOPPING MALL,7.614609412985681,4.413024439507884,CEPZ (Kakkanadu)
M.S.TECH ENGINEERING INDUSTRIES,26.20280101114799,13.292469599075574,Aluva
M.V. JOSEPH & SONS,28.846826689108827,9.984402630181647,Aluva
M.V.J. FOODS (INDIA) P. LTD.,2.6332389470466806,3.1359132290227825,Bolgatty Island (CoPT land-on lease)
MAHAVISHNU CASHEW FACTORY,117.92410075138682,15.858680688695548,Kollam
MAK PLYWOOD INDUSTRIES PVT LTD,30.449717495980156,7.313850201401928,Thannermukkom
MALAYA RUB-TECH INDUSTRIES,14.873906230580245,5.899756641054357,Aluva
MALAYALAM EXPORTS,25.089450435291134,6.780668009038842,Aluva
MALIYAKKAL HANDICRAFTS,134.95742094988069,108.29671829091767,Kottapuram
MAMPILLY PLYWOOD INDUSTRIES,22.891097512519952,8.483888034435854,Aluva
MARJAN EXPORTS,112.96675345333132,85.49100540582478,Kottapuram
MAROTTIKKAL COIR WORKS,18.9736699494072,7.781984935702736,Vaikkom
MATHEWSONS FOOD SPECIALITIES(P)LTD.,28.687487335267424,20.36214697424464,CEPZ (Kakkanadu)
MATS N MORE,42.98306787885171,8.399668593762177,Alappuzha
MAYITHARA HOME DECOR P.LTD.,1.8728198472083997,0.7626300729550536,Willingdon Island (CoPT land-on lease)
MEMADATHIL EXPORTERS ,46.69056882226118,38.55923982488383,CEPZ (Kakkanadu)
META CLASSICS FIBRES,30.449717495980156,7.313850201401928,Thannermukkom
METAL LAND INDUSTRIES,22.060229067643693,14.325435830306551,CEPZ (Kakkanadu)
METRO PACKAGING,28.687487335267424,20.36214697424464,CEPZ (Kakkanadu)
MEZHUKATTIL MILLS,20.05241366162006,4.93075739268789,Aluva
MIDAS TREADS (INDIA)P.LTD.,64.71603701374603,37.1978596798541,Thannermukkom
MOBIL AB GLUE WORLD,2.725397561065659,2.708424515677238,Bolgatty Island (CoPT land-on lease)
MONARCH AGENCIES,3.9346083328527053,3.769313132097833,Bolgatty Island (CoPT land-on lease)
MOUNT SAHIYA,56.194902981475465,22.810787894664177,Alappuzha
MRT ORGANIC GREEN PRUDCTS,18.265983302885743,1.5443212892369902,Aluva
N.C. JOHN & SONS LTD.,47.154260912863435,4.23530521609481,Alappuzha
N.S.CASHEWS,122.72470742680734,1.4783296265113484,Kollam
NAMBIYATTUKUDY AGRO INDUSTRIES,34.75932308814593,17.969953602814126,Aluva
NAMBIYATTUKUDY MODERN RICE MILL,34.75932308814593,17.969953602814126,Aluva
NARENDARAN POLYMERS,134.5690441720778,15.285037851373714,Kollam
NARENDRAN RUBBERS,120.5893137985279,5.259617831751718,Kollam
NATIONAL COIR MILLS,51.439441896362936,0.7605570812753425,Alappuzha
NAVAB P.A.,2.725397561065659,2.708424515677238,Bolgatty Island (CoPT land-on lease)
NAVAMI EXPORTS,122.72470742680734,1.4783296265113484,Kollam
NAVEEN EXIM TRADE ASSOCIATES,4.413807905523844,4.842354376793913,Bolgatty Island (CoPT land-on lease)
NEDSPICE PROCESSING INDIA PVT LTD,1.8728198472083997,0.7626300729550536,Willingdon Island (CoPT land-on lease)
NEW CASTLE GALLERY,1.8728198472083997,0.7626300729550536,Willingdon Island (CoPT land-on lease)
NIKASU FROZEN FOODS INTERNATIONAL,6864.1067513324315,6845.298804186587,Aluva
NILAMEL EXPORTS,7.614609412985681,4.413024439507884,CEPZ (Kakkanadu)
NOCHUMANNIL RUBBER INDUSTRIES,59.44909954907924,25.248831658918526,Alappuzha
OCEAN WEALTH EXPORTS,15.477070691929644,12.689174341171066,Vaikkom
ORIENT SPICE COMPANY,52.966995911432996,20.907228122122945,Alappuzha
ORIENTAL ANTIQURITE TAPISH,1.8728198472083997,0.7626300729550536,Willingdon Island (CoPT land-on lease)
OVERSEAS TIMBERS,10.606961510068723,2.0403433720475737,CEPZ (Kakkanadu)
P.K.GOVINDAN CO.,49.83736831117566,1.8820905129966898,Alappuzha
PALM FIBRE(INDIA)P.LTD.,47.154260912863435,4.23530521609481,Alappuzha
PANDIKKAD TRADERS,127.18179351899332,99.62454439674616,Kottapuram
PANNIANKARA OIL MILLS,5978.870797531105,5959.672531074823,Kottapuram
PARACKAL AGRO MILLS,26.624817460364024,8.988133994269063,Aluva
PARAVOOR ENGINEERS,20.04267743950971,8.769941389581442,Kottapuram
PARAYIL EXPORTS,59.97304600843488,39.56092591958919,Thannermukkom
PARAYIL FOOD PRODUCTS P.LTD.,10.164889466483157,7.275384319673425,Maradu
PENTA MAS SERVICES LLP,11.130759478505016,5.969976679484611,Maradu
PEPPER INDIA CORPORATION,51.000095569712094,20.397004287740206,Thannermukkom
PLANTRICH AGRI TECH P.LTD.,52.8708292816474,23.44319357065687,Thannermukkom
POBJI EMPORIUM,42.98306787885171,8.399668593762177,Alappuzha
PONNU FOOD PRODUCTS,123.76446933418563,1.8782963003305788,Kollam
POOPPALLY COIR MILLS,48.58089746161008,3.0292853099796395,Alappuzha
POYILAKADA FISHERIES,123.76446933418563,1.8782963003305788,Kollam
POYILAKADA FISHERIES ,123.76446933418563,1.8782963003305788,Kollam
PRASAN SOLUTIONS (INDIA)P.LTD.,13.293640542467587,5.138630252618566,CEPZ (Kakkanadu)
PREMIER EXPORTS INTERNATIONAL,12.535833754800883,8.866591383178383,Maradu
PREMIER INNOVATIVE FOODS,25.79028267882384,3.832219302065872,Vaikkom
PREMIER MARINE ENTERPRISES,15.477070691929644,12.689174341171066,Vaikkom
PREMIER MARINE FOODS,12.535833754800883,8.866591383178383,Maradu
PROFAND VAYALAT MARINE EXPORTS,4.413807905523844,4.842354376793913,Bolgatty Island (CoPT land-on lease)
PYARY PRODUCTS,6.320216249217071,1.0337634212546833,Maradu
RABITHA EXPORTS,1.8728198472083997,0.7626300729550536,Willingdon Island (CoPT land-on lease)
RAJ EXIM,30.449717495980156,7.313850201401928,Thannermukkom
RAM COIR MILLS,30.449717495980156,7.313850201401928,Thannermukkom
RAMLA MATCH WORKS,28.60260876171794,13.514249613837453,Aluva
RELISH CUSTOM FOOD,61.45281469992794,3.480696318812603,Thrikunnappuzha
ROOSTER TRADERS,20.05241366162006,4.93075739268789,Aluva
ROYAL FOOD EXPORTERS,123.76446933418563,1.8782963003305788,Kollam
ROYAL MARINE EXPORTS,12.535833754800883,8.866591383178383,Maradu
RUBEK BALLOONS P.LTD.,26.20280101114799,13.292469599075574,Aluva
RURAL COIR INDUSTRIES,38.61956142343948,9.974637163803532,Thannermukkom
S.H.MARINE EXIM,5.592898217341665,4.0147920224662865,Maradu
S.L.S.EXPORTS P.LTD.,5.592898217341665,4.0147920224662865,Maradu
S.P.V.DESIGNS,48.58089746161008,3.0292853099796395,Alappuzha
S.S.METALS,4.350067431434046,4.397332123616134,Bolgatty Island (CoPT land-on lease)
SAFAR RUBBERS,140.3966576427849,111.74238425136691,Kottapuram
SAFERA FOOD INTERNATIONAL,9.738940173861415,9.236546784549544,Maradu
SAIDA TRADING COMPANY,122.49739064306115,3.415874039085831,Kollam
SAIT EXIM CO.,1.8728198472083997,0.7626300729550536,Willingdon Island (CoPT land-on lease)
SALFA CHEMICALS,14.873906230580245,5.899756641054357,Aluva
SAMRAT MIDDLE EAST EXPORTS P. LTD.,2.28667608697253,2.4023017357027223,Bolgatty Island (CoPT land-on lease)
SAMUDRA SHIPYARD P.LTD.,10.164889466483157,7.275384319673425,Maradu
SAN MARINE EXPORTS,117.79899909193574,8.35592104271684,Kollam
SANTHIGIRI ASHRAM,44.595365773087174,17.94474438380167,Thannermukkom
DEVON FOODS LTD.,44.595365773087174,17.94474438380167,Thannermukkom
SANTHIGIRI KOOTTUKUDUMB COIR,44.595365773087174,17.94474438380167,Thannermukkom
SARASWATHI METAL WORKS,2.28667608697253,2.4023017357027223,Bolgatty Island (CoPT land-on lease)
SARK SPICE PRODUCTS P. LTD.,56.88791247330131,18.39115983404432,Alappuzha
SEASON COIR EXPORTS,81.38867655423664,8.051457606281232,Kayamkulam (Ayiramthengu)
SEPACK INDIA PVT LTD,19.277812246690797,9.824377363936204,CEPZ (Kakkanadu)
SHARAFIYA TRADING,135.988710846191,108.54326908090965,Kottapuram
SHARON INSUL INDIA LTD.,10.606961510068723,2.0403433720475737,CEPZ (Kakkanadu)
SHERATONE ANTIQARTS,1.8728198472083997,0.7626300729550536,Willingdon Island (CoPT land-on lease)
SHERTALLAI COIR MATS & MATTING CO.,7.614609412985681,4.413024439507884,CEPZ (Kakkanadu)
SILVER STAR SEAFOODS LTD.,12.535833754800883,8.866591383178383,Maradu
SIPCO CURIO,1.8728198472083997,0.7626300729550536,Willingdon Island (CoPT land-on lease)
SMARTO PRODUCTS,2.5569467425265584,2.946796344206017,Maradu
SONA EXPORTERS,89.01415527569523,60.36739639798017,Kottapuram
SOUPARNIKA EXPORT ENTERPRISES,124.93477547919494,5.1158404695023405,Kollam
SOUTH KERALA CASHEW EXPORTERS,122.07448665486567,2.101441548660276,Kollam
SOUTHERN CARBON AND CHEMICALS,4.751358837354962,4.737881296566685,Bolgatty Island (CoPT land-on lease)
SOUTHERN CASHEW EXPORTERS,122.72470742680734,1.4783296265113484,Kollam
SOUTHERN COIR MILLS,36.31439860271121,11.90553527379211,Thannermukkom
SPECTRA ORGANICS,3.0809491753292595,0.8881516482863032,Willingdon Island (CoPT land-on lease)
SREE SAKTHI PAPER MILLS,1.9633711877004516,2.327506503132738,Bolgatty Island (CoPT land-on lease)
SREE SANKARA AYURVEDA VAIDYASALA,64.45547780874402,22.585354902055276,Alappuzha
ST.GEORGE FOODS,112.3175982787556,20.0206710689676,Kollam
ST.GREGORIOS CASHEW INDUSTRIES,112.3175982787556,20.0206710689676,Kollam
ST.MARY'S CASHEW FACTORY,112.3175982787556,20.0206710689676,Kollam
ST.MARYS RUBBERS P.LTD.,133.08398943480552,43.112946085840115,Kollam
ST.MIKHAEL CASHEW EXPORTS,123.69408249738915,11.219639376876987,Kollam
SUITMAN GARMENTS,12.838803337420343,3.746447462049149,CEPZ (Kakkanadu)
SUNRICE TRADERS,3.7467197483977697,1.8454947804515907,Maradu
SUPERIOR MAT HOUSE,32.293436716729,14.0625687659546,Aluva
SYDA POLYLAMINATES,4.751358837354962,4.737881296566685,Bolgatty Island (CoPT land-on lease)
T.G.POLYMERS&COMPANY,38.61956142343948,9.974637163803532,Thannermukkom
T.J.P. RUBBER INDUSTRIES,52.966995911432996,20.907228122122945,Alappuzha
TPJ RUBBER INDUSTRIES,52.966995911432996,20.907228122122945,Alappuzha
T.J.P.EXPORTS,52.966995911432996,20.907228122122945,Alappuzha
T.V.J MARKETING,5.050700395719161,3.7150089794644336,Maradu
TAG CHEMICALS INDIA PVT LTD.,13.293640542467587,5.138630252618566,CEPZ (Kakkanadu)
TAJ COIR MILLS,48.34938650204578,3.0399911238637722,Alappuzha
TAJ PLYWOODS,32.3534495562316,18.426783325289648,Aluva
TAMILNADU NEWSPRINT & PAPERS LTD.,10.164889466483157,7.275384319673425,Maradu
TAMILNADU ENERGY SOLUTION,10.164889466483157,7.275384319673425,Maradu
TASTY NUT INDUSTRIES,122.72470742680734,1.4783296265113484,Kollam
TAURUS RUBBER INDUSTRIES,52.966995911432996,20.907228122122945,Alappuzha
TEA BREAK INTERNATIONAL,0.32655734421592225,0.4997491584487901,Bolgatty Island (CoPT land-on lease)
TECHNO EXPORTS,26.108332560616518,9.226641137992708,Vaikkom
TECHNOFLEX RUBBER PRODUCTS,28.846826689108827,9.984402630181647,Aluva
THAHIRA CHEMICALS,10.164889466483157,7.275384319673425,Maradu
THREE STAR MARINE EXPORTS,10.164889466483157,7.275384319673425,Maradu
TRANQUIL CASTLES HOTELS & RESPORTS,2.5569467425265584,2.946796344206017,Maradu
TRAVANCORE COCOTUFT P.LTD.,33.3313352376576,7.454581855876451,Thannermukkom
TRENDZ FURNITURE WORLD,123.58037266208305,95.05448467833483,Kottapuram
TUFCKO INTERNATI0NAL,72.16101050959492,45.901609515887884,Thannermukkom
UNI GREEN CONDIMENTS,118.58114726811489,5.04008962928795,Kollam
UNITED COIR FACTORIES,49.83736831117566,1.8820905129966898,Alappuzha
UNITED NILGIRIS TEA ESTATE CO. LTD.,7.614609412985681,4.413024439507884,CEPZ (Kakkanadu)
NILGIRIS EXPORTS,7.614609412985681,4.413024439507884,CEPZ (Kakkanadu)
UNIVERSAL OLEORESINS,1.8728198472083997,0.7626300729550536,Willingdon Island (CoPT land-on lease)
VASUNDHARALAYAM COIR WORKS,38.61956142343948,9.974637163803532,Thannermukkom
VERONICA MARINE EXPORTS P.LTD.,115.52526794594202,7.4731539021562625,Chavara
VESTA ENGINEERS,20.05241366162006,4.93075739268789,Aluva
VETTOOR POLYMERS,7.614609412985681,4.413024439507884,CEPZ (Kakkanadu)
VIKAS RUBBERS,52.8708292816474,23.44319357065687,Thannermukkom
VIMALA WELFARE CENTRE,3.9346083328527053,3.769313132097833,Bolgatty Island (CoPT land-on lease)
WFB BAIRD & CO.(INDIA)P.LTD.,8.817136227317906,1.6356428306012087,CEPZ (Kakkanadu)
WILTON WEAVERS P.LTD.,27.44839763948669,7.09705430111255,Thannermukkom
ZALLKAR EXPORTS,52.57857841527291,31.627655455856384,Thannermukkom
ZEBA LAB FURNITURE,11.582801177969499,2.2453111040865923,CEPZ (Kakkanadu)
ZEHRA TRADING CO.,1.8728198472083997,0.7626300729550536,Willingdon Island (CoPT land-on lease)
COIMBATORE POTTERIES & REFRACTORIES,1.8728198472083997,0.7626300729550536,Willingdon Island (CoPT land-on lease)
2F WIND POWER COIMBATORE PVT LTD,1.8728198472083997,0.7626300729550536,Willingdon Island (CoPT land-on lease)
COIMBATORE SUPER ALLOYS P.LTD.,1.8728198472083997,0.7626300729550536,Willingdon Island (CoPT land-on lease)
MIRACLE RECLAIM RUBBER COIMBATORE P.LTD.,1.8728198472083997,0.7626300729550536,Willingdon Island (CoPT land-on lease)
COIMBATORE COTS & COATINGS LTD.,1.8728198472083997,0.7626300729550536,Willingdon Island (CoPT land-on lease)
COIMBATORE POLYTEX,1.8728198472083997,0.7626300729550536,Willingdon Island (CoPT land-on lease)
AARSHAVEDA WELLNESS PVT LTD,18.265983302885743,1.5443212892369902,Aluva
AEITS INTERNATIONAL,20.04267743950971,8.769941389581442,Kottapuram
AFRAS CASHEW  TRADERS,122.07448665486567,2.101441548660276,Kollam
AIFFA PLASTICS,140.3966576427849,111.74238425136691,Kottapuram
ARAPPURA EXPORTS,123.76446933418563,1.8782963003305788,Kollam
ARBEE AQUATIC PROTEINS P.LTD.,10.164889466483157,7.275384319673425,Maradu
BATHSHA MARINE EXPORTS,10.164889466483157,7.275384319673425,Maradu
BESTPAK INDUSTRIES,4.413807905523844,4.842354376793913,Bolgatty Island (CoPT land-on lease)
BHAVANI AUTO DISTRIBUTORS,4.751358837354962,4.737881296566685,Bolgatty Island (CoPT land-on lease)
CEE JEE LUBRICANTS,14.873906230580245,5.899756641054357,Aluva
COCHIN SCIENTIFIC,2.725397561065659,2.708424515677238,Bolgatty Island (CoPT land-on lease)
DAWA BOOKS,5.050700395719161,3.7150089794644336,Maradu
ECO GRINZ TRADING PVT LTD,3.9346083328527053,3.769313132097833,Bolgatty Island (CoPT land-on lease)
ENCILS GLOBAL BEVERAGES,0.32655734421592225,0.4997491584487901,Bolgatty Island (CoPT land-on lease)
ERNAKULAM ARCHIDIOCESAN PUBLICATION TRUST,1.8728198472083997,0.7626300729550536,Willingdon Island (CoPT land-on lease)
ERNAKULAM ENGINEERS,1.8728198472083997,0.7626300729550536,Willingdon Island (CoPT land-on lease)
EVERFRESH EXPORTS,28.846826689108827,9.984402630181647,Aluva
EZZED BAGS,51.852447474494234,0.6898212400367526,Alappuzha
FLOOR TUFT INTERNATIONAL,18.003228587311824,11.96833717304182,Vaikkom
GREENDAY EXPORTS AND FARMS PVT LTD,3.9346083328527053,3.769313132097833,Bolgatty Island (CoPT land-on lease)
GREENLAND PARTICLE BOARD P.LTD.,28.60260876171794,13.514249613837453,Aluva
HAILEYBURIA TEA ESTATES LTD.,0.32655734421592225,0.4997491584487901,Bolgatty Island (CoPT land-on lease)
HAOMA HEALTH CARE PVT LTD,6.221889916603116,3.9845729721872343,CEPZ (Kakkanadu)
HAYAN EXPORTERS,3.5166913748707236,3.9044919160941927,Bolgatty Island (CoPT land-on lease)
INDOL LUBRICANTS,112.33409220305867,5.9856304680690595,Chavara
J.LAWRENCE PRO AUDIO EQUIPMENTS PVT LTD,14.191157377364522,8.866338085835542,Maradu
KANNIKKAT TECHNOCRAFT,34.15378860870177,26.506824134439196,CEPZ (Kakkanadu)
KARUR SREE RAMA,52.966995911432996,20.907228122122945,Alappuzha
KARUR K.C.P. PACKINGS LTD.,52.966995911432996,20.907228122122945,Alappuzha
KATTILPARAMBIL TRADERS,31.621712971037255,2.5153456779816055,Thannermukkom
KEDISON EXPELLERS,72.16101050959492,45.901609515887884,Thannermukkom
KENRICH OVERSEAS TRADING COMPANY,6.983519953951737,2.8791395079967805,CEPZ (Kakkanadu)
KOTTAKKAL AYUR THERAPIES P.LTD.,7.614609412985681,4.413024439507884,CEPZ (Kakkanadu)
KOTTACKAL AYURVEDIC TRADING COMPANY,7.614609412985681,4.413024439507884,CEPZ (Kakkanadu)
KOTTAKAL EXPORTS,7.614609412985681,4.413024439507884,CEPZ (Kakkanadu)
KOTTAKKAL AYUR THERAPIES P.LTD.,1.8728198472083997,0.7626300729550536,Willingdon Island (CoPT land-on lease)
KOTTACKAL AYURVEDIC TRADING COMPANY,1.8728198472083997,0.7626300729550536,Willingdon Island (CoPT land-on lease)
KOTTAKAL EXPORTS,1.8728198472083997,0.7626300729550536,Willingdon Island (CoPT land-on lease)
LEENS EXPORTS,1.8728198472083997,0.7626300729550536,Willingdon Island (CoPT land-on lease)
LOHASHILPI,109.18122952728626,82.49402239707659,Kottapuram
M.O.PHILIPS INDUSTRIES,14.873906230580245,5.899756641054357,Aluva
MAITHRI ADVERTISING WORKS P.LTD.,3.5166913748707236,3.9044919160941927,Bolgatty Island (CoPT land-on lease)
MAITHRI ADVERTISING WORKS P. LTD.,3.5166913748707236,3.9044919160941927,Bolgatty Island (CoPT land-on lease)
MALAMPUZHA STEELS P.LTD.,1.8728198472083997,0.7626300729550536,Willingdon Island (CoPT land-on lease)
MEENACHIL RUBBERWOOD (P) LTD.,52.57857841527291,31.627655455856384,Thannermukkom
MEENAKSHI COIR WORKS,33.3313352376576,7.454581855876451,Thannermukkom
METRO PLY AND BOARDS,34.454391181894074,21.145616267465,Aluva
MOON FISHERY (INDIA)P.LTD.,10.164889466483157,7.275384319673425,Maradu
MR.LIGHT TECHNOLOGY,7.614609412985681,4.413024439507884,CEPZ (Kakkanadu)
MULLASSERY CASHEW,52.966995911432996,20.907228122122945,Alappuzha
N.V.JOSEPH EXPORTS,30.449717495980156,7.313850201401928,Thannermukkom
ORBIZ AUTOMOTIVEZ,123.58037266208305,95.05448467833483,Kottapuram
PARISONS FOODS PVT LTD,137.99664734888307,109.35158327263089,Kottapuram
PERUMACHERIL CASTING INDUSTRIES,49.23710644387521,18.489589504831034,Thannermukkom
PKM FINE FOODS&SPICES P.LTD.,22.060229067643693,14.325435830306551,CEPZ (Kakkanadu)
PROTECH ORGANO FOODS P. LTD.,25.79028267882384,3.832219302065872,Vaikkom
PROTECH ORGAN FOODS,25.79028267882384,3.832219302065872,Vaikkom
RADHAS AYURVEDIC SOAP WORKS,122.47283163085717,2.3676079920402997,Kollam
ROY CASHEW PRODUCTS,123.69408249738915,11.219639376876987,Kollam
ROYAL RUBBERS,27.6611068702931,8.716374675897896,Aluva
SAMSON CHEMICAL INDUSTRIES,49.93659474936283,19.32760176217836,Thannermukkom
SANTRO WOOD PRODUCTS,34.454391181894074,21.145616267465,Aluva
SOFINE DECORS P.LTD.,27.44839763948669,7.09705430111255,Thannermukkom
ST.FRANCIS PRESS,3.9346083328527053,3.769313132097833,Bolgatty Island (CoPT land-on lease)
ST.MARYS MOTORS,4.751358837354962,4.737881296566685,Bolgatty Island (CoPT land-on lease)
T.M.V. AROMATICS P.LTD.,12.256869052234148,5.624411567178295,CEPZ (Kakkanadu)
TAMILNADU NEWSPRINT & PAPERS LTD.,1.8728198472083997,0.7626300729550536,Willingdon Island (CoPT land-on lease)
TAMILNADU ENERGY SOLUTION,1.8728198472083997,0.7626300729550536,Willingdon Island (CoPT land-on lease)
TECHNO RUBBERS,17.70390433330077,2.8257350572802453,Aluva
THARAKAN AND COMPANY,43.985495649305875,12.754684690081172,Thannermukkom
THOMSON RUBBERS,72.16101050959492,45.901609515887884,Thannermukkom
TRICHUR SURGICALS,4.751358837354962,4.737881296566685,Bolgatty Island (CoPT land-on lease)
UBIO BIOTECHNOLOGY SYSTEMS PVT LTD,13.293640542467587,5.138630252618566,CEPZ (Kakkanadu)
VADAKKEDATH INDUSTRIES P.LTD.,62.804254429980475,41.61573600798619,Thannermukkom
VECTOR SURGICAL DISPOSABLES,32.3534495562316,18.426783325289648,Aluva
A.P.K.METAL COOKWARES,6.221889916603116,3.9845729721872343,CEPZ (Kakkanadu)
AGRO BIO TECH RESEARCH CENTRE LTD.,52.966995911432996,20.907228122122945,Alappuzha
AL FANOOS CASHEWS,120.5893137985279,5.259617831751718,Kollam
ALEXANDER COIR WORKS,47.154260912863435,4.23530521609481,Alappuzha
ANAKKARA FOOD PROCESSING & EXPORTS,7.614609412985681,4.413024439507884,CEPZ (Kakkanadu)
ANJALI HOTELS PVT LTD,25.31766695649702,6.390190422348376,Aluva
ANNA TRADE LINKS,5.050700395719161,3.7150089794644336,Maradu
ARACKATHARA RECLAIMATIONS,57.16081272746164,19.75932944474305,Alappuzha
ASSA SEA FOODS,61.45281469992794,3.480696318812603,Thrikunnappuzha
AVL MARKETING,3.9346083328527053,3.769313132097833,Bolgatty Island (CoPT land-on lease)
BETHLEHEM ART STUDIO,25.15349995953106,9.102831607483825,Aluva
C.K.K.M.PHARMACY,8.49135133189736,3.6128860114450907,Maradu
C.R.TEXTILES,13.242274567294407,8.249767012225796,CEPZ (Kakkanadu)
CAPITAL CASHEW EXPORTS,122.07448665486567,2.101441548660276,Kollam
"CHACKOS PLYWOOD MILLS(P)LTD.,",26.20280101114799,13.292469599075574,Aluva
CHILTON REFREGERATION,7.614609412985681,4.413024439507884,CEPZ (Kakkanadu)
COCO PLANETE,51.439441896362936,0.7605570812753425,Alappuzha
DANAH FOOD PRODUCTS P.LTD.,16.43205842244169,12.64454289890414,Kottapuram
DESIRE KOCHI,12.515179440581356,7.1384145235956975,CEPZ (Kakkanadu)
DIWANIYA FURNISHINGS,7.614609412985681,4.413024439507884,CEPZ (Kakkanadu)
EDATHALA POLYMERS P.LTD.,1.8728198472083997,0.7626300729550536,Willingdon Island (CoPT land-on lease)
ELIXIR EXOTIC FOODS AND ALLIED PRODUCTS,27.6611068702931,8.716374675897896,Aluva
ESSEN FOODIES INDIA,6006.946290867941,5987.850519558772,Kottapuram
EXPIENT TECH LABS,6864.1067513324315,6845.298804186587,Aluva
FRESH CATCH EXPORTS,1.8728198472083997,0.7626300729550536,Willingdon Island (CoPT land-on lease)
GLOBAL EXIM INDIA P.LTD.,30.449717495980156,7.313850201401928,Thannermukkom
GRAND PEARL EXPORTS,15.477070691929644,12.689174341171066,Vaikkom
HYDROMANTECH,1.8728198472083997,0.7626300729550536,Willingdon Island (CoPT land-on lease)
INTERGROW BRANDS P.LTD.,5.050700395719161,3.7150089794644336,Maradu
JITHA PLASTIC INDUSTRIES,29.426245634626664,11.663172084167693,Aluva
JOECE ENTERPRISES,18.9736699494072,7.781984935702736,Vaikkom
K.P GROUP INDUSTRIES,52.966995911432996,20.907228122122945,Alappuzha
K.P.GROUP INDUSTRIES,52.966995911432996,20.907228122122945,Alappuzha
KADAVIL CHEMICALS,54.5780221513337,3.2660672496551606,Alappuzha
KARUR SREE RAMA,1.8728198472083997,0.7626300729550536,Willingdon Island (CoPT land-on lease)
KARUR K.C.P. PACKINGS LTD.,1.8728198472083997,0.7626300729550536,Willingdon Island (CoPT land-on lease)
KELACHANDRA IRON & STEEL WORKS,56.58964283867705,20.165547007672277,Alappuzha
HANDICRAFTS DEVE. CORPN. OF KERALA LTD.,7.614609412985681,4.413024439507884,CEPZ (Kakkanadu)
KERAL DINESH BEEDI WORKERS,7.614609412985681,4.413024439507884,CEPZ (Kakkanadu)
KERALA AGRO MACHINERY CORPN. LTD.,7.614609412985681,4.413024439507884,CEPZ (Kakkanadu)
KERALA CARDAMOM PROCESSING & MKTG.CO.LTD,7.614609412985681,4.413024439507884,CEPZ (Kakkanadu)
KERALA CERAMICS LTD.,7.614609412985681,4.413024439507884,CEPZ (Kakkanadu)
KERALA DINESH BEEDI WORKERS,7.614609412985681,4.413024439507884,CEPZ (Kakkanadu)
KERALA HOME FOOD STUFF EXPORT,7.614609412985681,4.413024439507884,CEPZ (Kakkanadu)
KERALA MINERALS & METALS LTD.,7.614609412985681,4.413024439507884,CEPZ (Kakkanadu)
KERALA RUBBER & RECLAIMS LTD.,7.614609412985681,4.413024439507884,CEPZ (Kakkanadu)
KERALA STATE CASHEW WORKERS APEX INDSTL.,7.614609412985681,4.413024439507884,CEPZ (Kakkanadu)
KERALA STATE CO-OP.RUBBER MKT.FED.LTD.,7.614609412985681,4.413024439507884,CEPZ (Kakkanadu)
KERALA VILLAGE CRAFTS,7.614609412985681,4.413024439507884,CEPZ (Kakkanadu)
MORE COMPUTERS(KERALA)P.LTD.,7.614609412985681,4.413024439507884,CEPZ (Kakkanadu)
RAM BAHADUR THAKUR KERALA P. LTD.,7.614609412985681,4.413024439507884,CEPZ (Kakkanadu)
TUSCANY KERALA GARMENTS P.LTD.,7.614609412985681,4.413024439507884,CEPZ (Kakkanadu)
KERALA ELECTRICAL&ALLIED ENGG.CO.LTD.,7.614609412985681,4.413024439507884,CEPZ (Kakkanadu)
KERALA HANDICRATS,7.614609412985681,4.413024439507884,CEPZ (Kakkanadu)
KERALA KERAKARSHAKA FEDERATION LTD.,7.614609412985681,4.413024439507884,CEPZ (Kakkanadu)
KERALA CONSTRUCTION SPECIALITIES,7.614609412985681,4.413024439507884,CEPZ (Kakkanadu)
KERALA STATE ELECTRONIC DEV. CORPN. LTD.,7.614609412985681,4.413024439507884,CEPZ (Kakkanadu)
KERALA PLANTATIONS,7.614609412985681,4.413024439507884,CEPZ (Kakkanadu)
KERALA STATE INDSTL.ENTERPRISES,7.614609412985681,4.413024439507884,CEPZ (Kakkanadu)
KERALA SANGHEETHA NATAK ACCADEMY,7.614609412985681,4.413024439507884,CEPZ (Kakkanadu)
KERALA SEA FOODS,7.614609412985681,4.413024439507884,CEPZ (Kakkanadu)
REGIONAL AGRO INDSTL.DEVELOPMENT CO.OP.OF KERALA L,7.614609412985681,4.413024439507884,CEPZ (Kakkanadu)
KERALA EXPORTS,7.614609412985681,4.413024439507884,CEPZ (Kakkanadu)
KERALA STATE CO-OPERATIVE FEDERATION FOR FISHERIES,7.614609412985681,4.413024439507884,CEPZ (Kakkanadu)
KERALA IMPEX,7.614609412985681,4.413024439507884,CEPZ (Kakkanadu)
KERAL DHARA,7.614609412985681,4.413024439507884,CEPZ (Kakkanadu)
KOTTARAM TRADING CO.,2.725397561065659,2.708424515677238,Bolgatty Island (CoPT land-on lease)
KOVAX ABRASIVES SOUTH ASIA P.LTD.,6.221889916603116,3.9845729721872343,CEPZ (Kakkanadu)
LEEDS POLYMERS,5990.430233779778,5971.226398917015,Kottapuram
LEEDA POLYMERS,5990.430233779778,5971.226398917015,Kottapuram
LISBON PU INTERNATIONAL,5978.870797531105,5959.672531074823,Kottapuram
M.K;FABRICS,123.76446933418563,1.8782963003305788,Kollam
MALABAR NATURAL FOODS P.LTD.,134.95531818053104,106.30941141874096,Kottapuram
MAMBAD RUBBER AND AGRO MFG.LTD.,7.614609412985681,4.413024439507884,CEPZ (Kakkanadu)
NEOTECH POLYMERS,51.000095569712094,20.397004287740206,Thannermukkom
NJAVALLIL LATEX P.LTD.,3.5166913748707236,3.9044919160941927,Bolgatty Island (CoPT land-on lease)
NOZAK TRADING CORPORATION,16133.035204471984,16113.089850108527,Kottapuram
PALLICKAL FOOD PRODUCTS,30.449717495980156,7.313850201401928,Thannermukkom
PELICAN MEDICAL SYSTEMS,10.500824297351825,7.032128791634004,CEPZ (Kakkanadu)
POLYKOT INDUSTRIES,50.6497384838589,29.593726074155054,Thannermukkom
POOMAS TRADE LINKS,113.41845779618784,84.83065434788473,Kottapuram
PRINCE POLYMERS,20.05241366162006,4.93075739268789,Aluva
PRM METAL CRAFTS,2.6332389470466806,3.1359132290227825,Bolgatty Island (CoPT land-on lease)
RABIA SEA FOODS,4.413807905523844,4.842354376793913,Bolgatty Island (CoPT land-on lease)
RAVIS EXPORTS,112.3175982787556,20.0206710689676,Kollam
RIOTECH INDUSTRIES,44.80646729114841,24.845087200950264,Vaikkom
SAANVI EXPORTS,38.61956142343948,9.974637163803532,Thannermukkom
SAINA EXPORTS,51.439441896362936,0.7605570812753425,Alappuzha
SPECIFIED RUBBERS (P)LTD.,49.93659474936283,19.32760176217836,Thannermukkom
SPICE PLANTERS,26.624817460364024,8.988133994269063,Aluva
STERLING PRINT HOUSE P.LTD.,13.242274567294407,8.249767012225796,CEPZ (Kakkanadu)
SURYA TOOLS CENTRE,107.14715610779614,78.59204590920044,Kottapuram
THAIMADAM MACHINES,63.659254893753385,22.783103888599275,Alappuzha
THEKKADY AGRO PRODUCTS,7.614609412985681,4.413024439507884,CEPZ (Kakkanadu)
TIRUPUR CITY STYLE COLLECTION,1.8728198472083997,0.7626300729550536,Willingdon Island (CoPT land-on lease)
TIRUPUR STYLE,1.8728198472083997,0.7626300729550536,Willingdon Island (CoPT land-on lease)
TIRUPUR KNITWEAR EXPORTS PVT LTD,1.8728198472083997,0.7626300729550536,Willingdon Island (CoPT land-on lease)
TIRUR COCONUT TRADERS,112.22018265629127,83.57600943461559,Kottapuram
TRAVANCORE POLYMERS P.LTD.,32.26317675595583,13.727923068619859,Aluva
TROPICAL BATH SOLUTIONS P.LTD.,7.614609412985681,4.413024439507884,CEPZ (Kakkanadu)
UNICLEAN HYGIENE SOLUTIONS,112.96675345333132,85.49100540582478,Kottapuram
VENUS PHOTO WORLD,63.659254893753385,22.783103888599275,Alappuzha
WILMAX INDIA,2.725397561065659,2.708424515677238,Bolgatty Island (CoPT land-on lease)
A TO Z PACKAGINGS,10.500824297351825,7.032128791634004,CEPZ (Kakkanadu)
ABHEK LIFE STYLES,13.293640542467587,5.138630252618566,CEPZ (Kakkanadu)
AFFORD EXIM,24.12630807371824,5.415991725438503,Kottapuram
AL FOUZAN EXPORTS,22.220933199427343,7.431988941404078,Aluva
AL-HASANATH GLOBAL,16.50288796197256,3.698131372658575,Aluva
AL-HASANAATH GLOBAL,16.50288796197256,3.698131372658575,Aluva
ALCO ALUMINIUM PRODUCTS,77.33237544833841,19.277016322245366,Kayamkulam (Ayiramthengu)
ALEENA FOODS,12.038335950013726,5.835323097924976,CEPZ (Kakkanadu)
AMALGAM FROZEN FOODS,10.164889466483157,7.275384319673425,Maradu
ANNAPOORNESWARI EXIM P.LTD.,30.449717495980156,7.313850201401928,Thannermukkom
APT GLOBAL MARINE ENGINEERING,1.9633711877004516,2.327506503132738,Bolgatty Island (CoPT land-on lease)
CALEX MARINE&INDUSTRIAL,7.834629993604567,3.7507233808408023,Maradu
CALICUT CARGO SERVICES,133.78972272479857,105.13819571146828,Kottapuram
CAPITAL PLYBOARDS,22.891097512519952,8.483888034435854,Aluva
CHAITHANYA GRANITE&MARBLES,7.614609412985681,4.413024439507884,CEPZ (Kakkanadu)
WINTER WOOD INTERIORS,7.614609412985681,4.413024439507884,CEPZ (Kakkanadu)
COASTAL SHIPPING LINKS INDIA P.LTD.,4.751358837354962,4.737881296566685,Bolgatty Island (CoPT land-on lease)
COCHIN DENTAL EQUIPMENTS,3.9346083328527053,3.769313132097833,Bolgatty Island (CoPT land-on lease)
COIR DUST INC.,42.98306787885171,8.399668593762177,Alappuzha
CORAL EXPORTS,1.9633711877004516,2.327506503132738,Bolgatty Island (CoPT land-on lease)
DENWUD EXIM  INDIA,29.68420508489259,19.914637644824815,Aluva
DIVINE RUBBER PRODUCTS,56.88791247330131,18.39115983404432,Alappuzha
FOUSIA TIMBER INDUSTRIES,30.449717495980156,7.313850201401928,Thannermukkom
GLOBAL TEC ENGINEERING,134.95531818053104,106.30941141874096,Kottapuram
HADI EXPORTS LLP,126.37260086133097,97.95220307355456,Kottapuram
HANANI RUBBERS,52.966995911432996,20.907228122122945,Alappuzha
INDUS TRADE LINKS,3.9346083328527053,3.769313132097833,Bolgatty Island (CoPT land-on lease)
JANITOR EXIM,6.983519953951737,2.8791395079967805,CEPZ (Kakkanadu)
JBM KITCHEN AND INTERIORS,5990.430233779778,5971.226398917015,Kottapuram
JOEL RUBBER INDUSTRIES,32.293436716729,14.0625687659546,Aluva
K.C.COCONUT PRODUCTS,135.78975180575753,107.16697010584693,Kottapuram
KARNIZ PACKS LLP,17.274693075770802,8.203148442305375,CEPZ (Kakkanadu)
KAT ENGINEERING,16179.489201707696,16159.524817746435,Kottapuram
KHUSHI INTERGROUP,29.616644349791994,14.194021724229025,Aluva
KUNNATHAN WOOD PRODUCTS,34.454391181894074,21.145616267465,Aluva
LAKSHMI CASHEW COMPANY,122.4580028122313,1.1672062213894787,Kollam
LANDEX GREEN SOLUTIONS,6.983519953951737,2.8791395079967805,CEPZ (Kakkanadu)
MADURA MERCERISERS INDIA P.LTD.,1.8728198472083997,0.7626300729550536,Willingdon Island (CoPT land-on lease)
MATHA TRADERS,6.462967046488526,2.2418194682002293,Maradu
METRO TRADING SYNDICATE,1.8728198472083997,0.7626300729550536,Willingdon Island (CoPT land-on lease)
PALANI VIJAY COTTSPIN PVT LTD,52.966995911432996,20.907228122122945,Alappuzha
POSEIDON FOOD CO.,4.350067431434046,4.397332123616134,Bolgatty Island (CoPT land-on lease)
PRECORE SOLUTIONS,12.256869052234148,5.624411567178295,CEPZ (Kakkanadu)
PREMIER ENGINEERING PRODUCTS,11.130759478505016,5.969976679484611,Maradu
RAIQA EXPORTS,126.21352601234395,97.56292858307638,Kottapuram
SUPER GOLDEN FOODS,32.26317675595583,13.727923068619859,Aluva
SYMEGA FOOD INGREDIENTS,17.76124208455345,10.007519912317903,CEPZ (Kakkanadu)
TALEM POWER SYSTEMS,18.003228587311824,11.96833717304182,Vaikkom
TANYA SPICES,1.8728198472083997,0.7626300729550536,Willingdon Island (CoPT land-on lease)
TEAM SUSTAIN,6.221889916603116,3.9845729721872343,CEPZ (Kakkanadu)
USMANIYA WOOD PODUCTS,29.68420508489259,19.914637644824815,Aluva
V.J.TREADS,11.130759478505016,5.969976679484611,Maradu
VADAKKUMCHERRY EXPORTS,52.966995911432996,20.907228122122945,Alappuzha
VERVEMAGNUM GLOBAL IMPEX P.LTD.,10.727812738119056,4.391888863426194,CEPZ (Kakkanadu)
VICTORY WOOD INDUSTRIES,22.891097512519952,8.483888034435854,Aluva
WAYANAD FOOD INC.,7.614609412985681,4.413024439507884,CEPZ (Kakkanadu)
WYANAD FOOD INCORPORATED,7.614609412985681,4.413024439507884,CEPZ (Kakkanadu)
WAYANAD ORGANIC RESEARCH P LTD,7.614609412985681,4.413024439507884,CEPZ (Kakkanadu)
WAYANAD FOOD INC.,1.8728198472083997,0.7626300729550536,Willingdon Island (CoPT land-on lease)
WYANAD FOOD INCORPORATED,1.8728198472083997,0.7626300729550536,Willingdon Island (CoPT land-on lease)
WAYANAD ORGANIC RESEARCH P LTD,1.8728198472083997,0.7626300729550536,Willingdon Island (CoPT land-on lease)
ABM4 TRADES,6.778485935712736,5.869925466631436,CEPZ (Kakkanadu)
AISWRYA AGRO MILLS,32.293436716729,14.0625687659546,Aluva
BMK INTERNATIONAL,10.606961510068723,2.0403433720475737,CEPZ (Kakkanadu)
CLOUDS INTERNATIONAL EXPORTS,72.16101050959492,45.901609515887884,Thannermukkom
COCHIN MARINE ENGINEERING BOAT YARD,1.8728198472083997,0.7626300729550536,Willingdon Island (CoPT land-on lease)
COIR YARN TEX,48.34938650204578,3.0399911238637722,Alappuzha
ESTEEM RUBBER PRODUCTS,63.12735898993035,26.8189060015551,Alappuzha
EVERSHINE CHEMICAL INDUSTRIES,25.79028267882384,3.832219302065872,Vaikkom
EXPOSOFT TECHNOLOGIES,6006.946290867941,5987.850519558772,Kottapuram
FABIAN TECHNOLOGIES,128.90602532457515,7.401233891357578,Kollam
FINE ART PLASTICS,4.751358837354962,4.737881296566685,Bolgatty Island (CoPT land-on lease)
FROTUNE FLEXIPRINT PACK,22.891097512519952,8.483888034435854,Aluva
G.H.ASSOCIATES,3.9346083328527053,3.769313132097833,Bolgatty Island (CoPT land-on lease)
GLOBE C INDIA INTERNATIONAL,129.93376646797918,101.75381155866562,Kottapuram
GOLDEN SPENCER TRADING,34.75932308814593,17.969953602814126,Aluva
INNOPOLIS BIO INNOVATIONS,10.606961510068723,2.0403433720475737,CEPZ (Kakkanadu)
JAGADAMBAN CONTAINES,14.873906230580245,5.899756641054357,Aluva
JEEVAGRAM,32.293436716729,14.0625687659546,Aluva
K.K.TECH ENGINEERING COMPANY,127.32653715018799,98.68067520700076,Kottapuram
KALPAKA PROCESSING CO.,10.164889466483157,7.275384319673425,Maradu
KANAKA POLYPACK P.LTD.,18.265983302885743,1.5443212892369902,Aluva
LULU FLIGHT KITCHEN,28.846826689108827,9.984402630181647,Aluva
MACHINGAL MARKETING AGENCIES,10.164889466483157,7.275384319673425,Maradu
MACHINGAL ENTERPRISES,10.164889466483157,7.275384319673425,Maradu
MATHA BOOK CENTRE,32.26317675595583,13.727923068619859,Aluva
MINERVA COMBINES,11.130759478505016,5.969976679484611,Maradu
NAS FOOD EXIM,25.79028267882384,3.832219302065872,Vaikkom
NELLIMALAYIL TRADERS,72.16101050959492,45.901609515887884,Thannermukkom
NEONA EMBEDDED LABZ,3.9346083328527053,3.769313132097833,Bolgatty Island (CoPT land-on lease)
UNITED NILGIRIS TEA ESTATE CO. LTD.,1.8728198472083997,0.7626300729550536,Willingdon Island (CoPT land-on lease)
NILGIRIS EXPORTS,1.8728198472083997,0.7626300729550536,Willingdon Island (CoPT land-on lease)
NIVENIA INTERNATIONAL,21.54371493766752,6.396986781402697,Vaikkom
PAZHANGADI OIL MILLS,22.891097512519952,8.483888034435854,Aluva
PEGADO FIXING SOLUTIONS,96.38795806367364,67.73655251258151,Kottapuram
PRAYAG EXPORTS,15.477070691929644,12.689174341171066,Vaikkom
S.TOUGHEN GLASS,32.293436716729,14.0625687659546,Aluva
SRI THIRUMAL EXPORTS,1.8728198472083997,0.7626300729550536,Willingdon Island (CoPT land-on lease)
ST.THOMAS ENGINEERING WORKS,56.58964283867705,20.165547007672277,Alappuzha
TECWA GROUP,19.511373648034578,2.307359088661197,Aluva
THOMSON IMPEX,4.350067431434046,4.397332123616134,Bolgatty Island (CoPT land-on lease)
THRILOKA EXPORTS,131.13134998700448,11.532145304629815,Kollam
UNITY APPARELS,118.55263838602471,89.94518102705898,Kottapuram
VALOOKKARAN MODERN RICE MILL,32.293436716729,14.0625687659546,Aluva
VYTTAL AQUA SYSTEM,126.37260086133097,97.95220307355456,Kottapuram
ACM NATURAL PRODUCTS,142.44670846024397,114.76978901976562,Kottapuram
ADIF MAT EXPORTS,43.6054878661251,8.126535296684537,Alappuzha
AGHORI TRADING,105.54471393246928,76.93412994610848,Kottapuram
AGUS ENTERPRISES,4.751358837354962,4.737881296566685,Bolgatty Island (CoPT land-on lease)
AKAY NATURAL INGREDIENTS,16202.707920730185,16182.696971848853,Kottapuram
ALUNGAL SPICES&OIL MILLS,125.58070921726002,96.95225600176008,Kottapuram
AMICUS COMMUNICATIONS,4.751358837354962,4.737881296566685,Bolgatty Island (CoPT land-on lease)
ANNA FRIED MASALA,6.320216249217071,1.0337634212546833,Maradu
ARAVIND EXPORTS,1.8728198472083997,0.7626300729550536,Willingdon Island (CoPT land-on lease)
ARYAS FOODS,47.596271080154914,17.686868696921472,Thannermukkom
BHARATH MARKETING,112.96675345333132,85.49100540582478,Kottapuram
BULK LINER LOGISTICS,2.5569467425265584,2.946796344206017,Maradu
CENTRAL COIR MILLS,51.439441896362936,0.7605570812753425,Alappuzha
CHENNAI FORGE PRODUCTS P.LTD.,7.614609412985681,4.413024439507884,CEPZ (Kakkanadu)
CHENNAI RECLAIMATION(P)LTD.,7.614609412985681,4.413024439507884,CEPZ (Kakkanadu)
CHENNAI FORGE PRODUCTS P.LTD.,1.8728198472083997,0.7626300729550536,Willingdon Island (CoPT land-on lease)
CHENNAI RECLAIMATION(P)LTD.,1.8728198472083997,0.7626300729550536,Willingdon Island (CoPT land-on lease)
CHERUSSERIKALAM GROUP,56.88791247330131,18.39115983404432,Alappuzha
COCHIN DRUG HOUSE,7.614609412985681,4.413024439507884,CEPZ (Kakkanadu)
COCHIN CADALAS P.LTD.,52.966995911432996,20.907228122122945,Alappuzha
COCHIN CONDIMENTS P.LTD.,52.966995911432996,20.907228122122945,Alappuzha
COCHIN COSMOS FOODS LTD.,52.966995911432996,20.907228122122945,Alappuzha
COCHIN DIES AND MOULDS,52.966995911432996,20.907228122122945,Alappuzha
COCHIN FROZEN FOOD EXPORTS P. LTD.,52.966995911432996,20.907228122122945,Alappuzha
COCHIN RECLAIM & RUBBER,52.966995911432996,20.907228122122945,Alappuzha
COCHIN RUBBER INDUSTRIES,52.966995911432996,20.907228122122945,Alappuzha
COCHIN TRADING,52.966995911432996,20.907228122122945,Alappuzha
KOCHI IMPEX,52.966995911432996,20.907228122122945,Alappuzha
KOCHI BENNALE,52.966995911432996,20.907228122122945,Alappuzha
COCHIN CHEMICALS & RUBBER PRODUCTS,52.966995911432996,20.907228122122945,Alappuzha
COCHIN PACKERS,52.966995911432996,20.907228122122945,Alappuzha
"COCHIN FOOD TECH P. LTD,",52.966995911432996,20.907228122122945,Alappuzha
COCHIN PETROMINS,12.256869052234148,5.624411567178295,CEPZ (Kakkanadu)
COCOHIN RESIDENCY P.LTD.,13.242274567294407,8.249767012225796,CEPZ (Kakkanadu)
COCHIN RESIDENCY P.LTD.,13.242274567294407,8.249767012225796,CEPZ (Kakkanadu)
COIMBATORE POTTERIES & REFRACTORIES,10.164889466483157,7.275384319673425,Maradu
2F WIND POWER COIMBATORE PVT LTD,10.164889466483157,7.275384319673425,Maradu
COIMBATORE SUPER ALLOYS P.LTD.,10.164889466483157,7.275384319673425,Maradu
MIRACLE RECLAIM RUBBER COIMBATORE P.LTD.,10.164889466483157,7.275384319673425,Maradu
COIMBATORE COTS & COATINGS LTD.,10.164889466483157,7.275384319673425,Maradu
COIMBATORE POLYTEX,10.164889466483157,7.275384319673425,Maradu
CYRIX HEALTHCARE,6.462967046488526,2.2418194682002293,Maradu
DOTS CARGO INDIA,4.751358837354962,4.737881296566685,Bolgatty Island (CoPT land-on lease)
ESTHAPANOSE SONS,18.265983302885743,1.5443212892369902,Aluva
EUROFINE INTERNATIONAL INDIA,27.6611068702931,8.716374675897896,Aluva
EUROTECH POLYMERS,129.4731206891969,101.47719676838211,Kottapuram
FOUR G TECHNOLOGIES,56.194902981475465,22.810787894664177,Alappuzha
GESCHMACK NATURELLE,17.76124208455345,10.007519912317903,CEPZ (Kakkanadu)
GREEN COIR HUB,33.3313352376576,7.454581855876451,Thannermukkom
HOSTIA INDUSTRIES,32.68184250070223,9.487561598693166,Vaikkom
J.R.UNIQUE PRINTERS,28.846826689108827,9.984402630181647,Aluva
KAVONE AUTOMATION AND MACHINES,3.5166913748707236,3.9044919160941927,Bolgatty Island (CoPT land-on lease)
KAY ENN TRADING,2.725397561065659,2.708424515677238,Bolgatty Island (CoPT land-on lease)
KAYAL EXPORTS,54.18500241298775,19.701908276978507,Alappuzha
KERALA TIMBERS,33.36835668391582,11.399758218798457,Vaikkom
KODUVAYOOR BALAKRISHNASREDHAR,7.614609412985681,4.413024439507884,CEPZ (Kakkanadu)
KOLUTHARA EXPORTS LTD.,10.164889466483157,7.275384319673425,Maradu
KUNNATHAN POLYMERS P.LTD.,34.454391181894074,21.145616267465,Aluva
LIV LONG NUTRACUETICALS LTD.,18.265983302885743,1.5443212892369902,Aluva
LUCIYA INDUSTRIES,27.6611068702931,8.716374675897896,Aluva
MACHINGAL MARKETING AGENCIES,52.966995911432996,20.907228122122945,Alappuzha
MACHINGAL ENTERPRISES,52.966995911432996,20.907228122122945,Alappuzha
MADAVA PHARMACEUTICAL LABORATORIES,3.9346083328527053,3.769313132097833,Bolgatty Island (CoPT land-on lease)
MALABAR HERBS,25.31766695649702,6.390190422348376,Aluva
MALABAR TIMBER INDUSTRIES,14.579954885399953,6.154986131918829,CEPZ (Kakkanadu)
MALAVIKA ENGINEERING WORKS,49.23710644387521,18.489589504831034,Thannermukkom
MEDAMANA RUBBER INDUSTRIES,25.03302188479734,16.99454139167476,Vaikkom
MOMO RUBBER PRDUCTS,59.806789776254234,20.667451972378885,Alappuzha
NAS AGENCIES,7.614609412985681,4.413024439507884,CEPZ (Kakkanadu)
NUCOMET ENTERPRISES,10.606961510068723,2.0403433720475737,CEPZ (Kakkanadu)
PERINCHERRIL RUBBERS,52.966995911432996,20.907228122122945,Alappuzha
PERUMCHERIL RUBBERS,52.966995911432996,20.907228122122945,Alappuzha
PIO FOOD PRODUCTS,36.52753840424454,29.772357706073322,Vaikkom
PKG FIBRES,42.98306787885171,8.399668593762177,Alappuzha
PRABHA SPECIALITIES,6.983519953951737,2.8791395079967805,CEPZ (Kakkanadu)
PRIME LINKS GLOBAL,6.320216249217071,1.0337634212546833,Maradu
PROMPT TRADING COMPANY,134.95531818053104,106.30941141874096,Kottapuram
R.R.BUSINESS GROUP,127.95240115137703,25.859334483623666,Kollam
RICE TECH AGRO MILLS,32.293436716729,14.0625687659546,Aluva
SALVIA EXPORTS,7.614609412985681,4.413024439507884,CEPZ (Kakkanadu)
SEVENS ENTERPRISES,43.23226239534142,15.901871629968344,Thannermukkom
SHAVUOT AGRIC,88.6327446759597,4.07317166508269,Kayamkulam (Ayiramthengu)
TAG SECTOR,28.846826689108827,9.984402630181647,Aluva
TCL CERAMICS LTD,8.817136227317906,1.6356428306012087,CEPZ (Kakkanadu)
V.TEX GARMENTS,20.639328515810146,10.593984536743298,Vaikkom
VISWAS FOODS,50.6497384838589,29.593726074155054,Thannermukkom
YUHAB CRAFTING LLP,105.6776172705192,78.29597976730476,Kottapuram
ZAMANI EXPORTS LLC,133.78972272479857,105.13819571146828,Kottapuram
ZAMORIN WORLD,5978.870797531105,5959.672531074823,Kottapuram
ZUVA INTERNATIONAL,146.9464451941012,119.48367670531323,Kottapuram
24X7  COOLING SOLUTIONS,5.050700395719161,3.7150089794644336,Maradu
ACUMEN EXPORTERS,62.804254429980475,41.61573600798619,Thannermukkom
ADS APPARELS,30.449717495980156,7.313850201401928,Thannermukkom
ALIMA TIMBER INDUSTRIES,28.60260876171794,13.514249613837453,Aluva
ALTERSOFT INNOVATIONS INDIA P.LTD.,7.614609412985681,4.413024439507884,CEPZ (Kakkanadu)
AMAL PLYWOOD,6.221889916603116,3.9845729721872343,CEPZ (Kakkanadu)
AMBITN LIFESCIENCES,13.293640542467587,5.138630252618566,CEPZ (Kakkanadu)
AMENSCO MEDICAL TECHNOLOGIES,28.687487335267424,20.36214697424464,CEPZ (Kakkanadu)
AUTOGRADE INDUSTRIES,10.606961510068723,2.0403433720475737,CEPZ (Kakkanadu)
BONAFIDE SURGICALS,3.9346083328527053,3.769313132097833,Bolgatty Island (CoPT land-on lease)
CANNANORE TEX-STYLE INT'L.,1.8728198472083997,0.7626300729550536,Willingdon Island (CoPT land-on lease)
CATLYST CHEMICAL INDUSTRIES,112.96675345333132,85.49100540582478,Kottapuram
COCHIN PLYWOOD,28.60260876171794,13.514249613837453,Aluva
COIMBATORE POTTERIES & REFRACTORIES,52.966995911432996,20.907228122122945,Alappuzha
2F WIND POWER COIMBATORE PVT LTD,52.966995911432996,20.907228122122945,Alappuzha
COIMBATORE SUPER ALLOYS P.LTD.,52.966995911432996,20.907228122122945,Alappuzha
MIRACLE RECLAIM RUBBER COIMBATORE P.LTD.,52.966995911432996,20.907228122122945,Alappuzha
COIMBATORE COTS & COATINGS LTD.,52.966995911432996,20.907228122122945,Alappuzha
COIMBATORE POLYTEX,52.966995911432996,20.907228122122945,Alappuzha
CORNIER P.LTD.,17.70390433330077,2.8257350572802453,Aluva
COSMOS PACKAGING INTERNATIONAL,135.26596193953324,33.68234405322928,Kollam
DELCO ENGINEERING WORKS,9.4593982349974,7.5411058028631155,Maradu
DRISHYA ENGINEERING,30.449717495980156,7.313850201401928,Thannermukkom
DUA NUT FOODS,122.49739064306115,3.415874039085831,Kollam
EAST COAST SPICES,6864.1067513324315,6845.298804186587,Aluva
EINSTEK-ENGINEERING INSULATION,7.614609412985681,4.413024439507884,CEPZ (Kakkanadu)
FRUCTUS INC.,10.606961510068723,2.0403433720475737,CEPZ (Kakkanadu)
GREEN MALABAR TRADING,10.606961510068723,2.0403433720475737,CEPZ (Kakkanadu)
GREENKERA,32.68184250070223,9.487561598693166,Vaikkom
HAIMA POLYMERS P.LTD.,26.20280101114799,13.292469599075574,Aluva
IBIS MEDICAL EQUIPMENT,5.305045302459334,4.590902749069898,CEPZ (Kakkanadu)
K.P.B. GLOBAL EXPORTERS PVT LTD,18.062455693654783,6.8809422066826365,Aluva
KANGAYAM COIR CLUSTER P.LTD.,1.8728198472083997,0.7626300729550536,Willingdon Island (CoPT land-on lease)
KERA;LA MATCH INDUSTRIES,46.69056882226118,38.55923982488383,CEPZ (Kakkanadu)
MAC AGRO TECH,142.12946987513195,113.73544439867536,Kottapuram
MADATHIPARAMBIL OPTICALS,6.221889916603116,3.9845729721872343,CEPZ (Kakkanadu)
MARINOS EXPORTS,25.79028267882384,3.832219302065872,Vaikkom
MARWOOD APPARELS,32.3534495562316,18.426783325289648,Aluva
MERAKI LINKS,4.378239478606447,4.086756855127446,Bolgatty Island (CoPT land-on lease)
NXT INNOVATIONS,15.225837828140177,9.734681646807044,Maradu
PLANEX ASSOCIAES INDIA P.LTD.,136.8084912480999,109.82187167354986,Kottapuram
PREMIUM FERRO ALLOYS LTD.,14.873906230580245,5.899756641054357,Aluva
PRISTINE TROPICAL FRUITS AND AGRO PRODUCTS,142.44670846024397,114.76978901976562,Kottapuram
QUE-RICO EXIM P.LTD.,34.78548538091752,19.29802497842697,Aluva
ROWLINE SOLUTIONS,107.14715610779614,78.59204590920044,Kottapuram
S.K.COCO INTERNATIONAL,25.79028267882384,3.832219302065872,Vaikkom
S.K. COCO INTERNATIONAL,25.79028267882384,3.832219302065872,Vaikkom
SEAWIND FISHERIES,4.413807905523844,4.842354376793913,Bolgatty Island (CoPT land-on lease)
SERVYOND IMPEX,135.78975180575753,107.16697010584693,Kottapuram
SILIVER OIL MILLS,121.22850173687391,94.3255435183433,Kottapuram
SULVER OIL MILLS,121.22850173687391,94.3255435183433,Kottapuram
SILVER OIL MILLS,121.22850173687391,94.3255435183433,Kottapuram
SIYA RUBBERS,52.966995911432996,20.907228122122945,Alappuzha
ST.JUDE FOODS,76.66593342904066,50.143230422961985,Thannermukkom
STAARLIGHT EXPORTERS,1.8728198472083997,0.7626300729550536,Willingdon Island (CoPT land-on lease)
SYNTHITE INDUSTRIAL CHEMICALS LTD.,22.060229067643693,14.325435830306551,CEPZ (Kakkanadu)
TIRUPUR CITY STYLE COLLECTION,30.449717495980156,7.313850201401928,Thannermukkom
TIRUPUR STYLE,30.449717495980156,7.313850201401928,Thannermukkom
TIRUPUR KNITWEAR EXPORTS PVT LTD,30.449717495980156,7.313850201401928,Thannermukkom
UNIVERSAL BIOSCIENCE,22.060229067643693,14.325435830306551,CEPZ (Kakkanadu)
AI MARINE PRODUCTS INDIA P.LTD.,25.79028267882384,3.832219302065872,Vaikkom
ALLEPPEY DIESEL SERVICES,30.449717495980156,7.313850201401928,Thannermukkom
AMCON TRADING INTERNATIONAL,10.606961510068723,2.0403433720475737,CEPZ (Kakkanadu)
ARTISE INTERIORS & EXTERIORS,91.7158104481656,63.06274056846596,Kottapuram
ASIAN MARINE FOODS,1.8728198472083997,0.7626300729550536,Willingdon Island (CoPT land-on lease)
B.G.PACK,22.220933199427343,7.431988941404078,Aluva
BE FATHIMA ENTERPRISES,26.20280101114799,13.292469599075574,Aluva
BIC ASIA,25.037017187739412,6.370328525814782,Aluva
BIZZARO UNIFORMS,7.614609412985681,4.413024439507884,CEPZ (Kakkanadu)
BLUE MOUNT RUBBERS,52.966995911432996,20.907228122122945,Alappuzha
BRENDOL LUBRICANTS,27.6611068702931,8.716374675897896,Aluva
BRIGHTECH INTERIORS&EXTERIORS,6.983519953951737,2.8791395079967805,CEPZ (Kakkanadu)
BRISCOZ,30.449717495980156,7.313850201401928,Thannermukkom
CAPSERVO GLOBAL,30.449717495980156,7.313850201401928,Thannermukkom
CHANDRIKA PLYWOODS,22.891097512519952,8.483888034435854,Aluva
COASTAL CATCH LLP,6864.1067513324315,6845.298804186587,Aluva
COCHIN CHITIN COMPANY,10.164889466483157,7.275384319673425,Maradu
ENVIRODESIGNS & EQUIPMENTS,6.221889916603116,3.9845729721872343,CEPZ (Kakkanadu)
ERNAKULAM ARCHIDIOCESAN PUBLICATION TRUST,52.966995911432996,20.907228122122945,Alappuzha
ERNAKULAM ENGINEERS,52.966995911432996,20.907228122122945,Alappuzha
EZY SERVE ENTERPRISES,8.49135133189736,3.6128860114450907,Maradu
FATHIMA AGRO MILLS,10.606961510068723,2.0403433720475737,CEPZ (Kakkanadu)
FIAKON EXIM LLP,142.12946987513195,113.73544439867536,Kottapuram
FLOWMAX WATER,18.062455693654783,6.8809422066826365,Aluva
FRESCO EXPORTERS LLP,135.78975180575753,107.16697010584693,Kottapuram
GHAN MARINE EXIM,25.79028267882384,3.832219302065872,Vaikkom
GREEN WATER SCIENCE,122.72470742680734,1.4783296265113484,Kollam
HAYRAS PROVISIOS,126.70391541576518,4.4364819046074695,Kollam
HI - LOOMS TECHNOLOGIES LLP,123.58037266208305,95.05448467833483,Kottapuram
INDROYAL FURNITURE COMPANY P.LTD.,12.838803337420343,3.746447462049149,CEPZ (Kakkanadu)
INNOVUS ENERGIEZ,7.614609412985681,4.413024439507884,CEPZ (Kakkanadu)
JESMART P. LTD,15.225837828140177,9.734681646807044,Maradu
JOHNS TRADERS LLP,63.2384170936769,23.81606546496932,Alappuzha
JOHNS UMBRELLA MART,51.852447474494234,0.6898212400367526,Alappuzha
JSK FASTENERS,14.579954885399953,6.154986131918829,CEPZ (Kakkanadu)
KALLUNGAL TRADERS,18.265983302885743,1.5443212892369902,Aluva
KASHMIR FRUIT BAZAR,76.55140725572316,12.306544176058825,Kayamkulam (Ayiramthengu)
KLEAN TRADE HYGENE,7.614609412985681,4.413024439507884,CEPZ (Kakkanadu)
LENORE INDUSTRIES,32.293436716729,14.0625687659546,Aluva
M.S.GOLD TECH,145.08612344476208,116.51063001115983,Kottapuram
MADATHIL EXPORTS,39.53551307021392,26.827783091896222,Aluva
MAJEED CARPET HOUSE,51.439441896362936,0.7605570812753425,Alappuzha
MEGAMALAI HOLDINGS,7.614609412985681,4.413024439507884,CEPZ (Kakkanadu)
MISTY FROZEN FOODS,2.28667608697253,2.4023017357027223,Bolgatty Island (CoPT land-on lease)
MOM SEA FRESH FISH,10.164889466483157,7.275384319673425,Maradu
MUKKAM MUILL STORES P.LD.,30.449717495980156,7.313850201401928,Thannermukkom
MYSON TRADING,5.305045302459334,4.590902749069898,CEPZ (Kakkanadu)
NANDINI COIR WORKS,42.98306787885171,8.399668593762177,Alappuzha
NFENIX TOOLS LLP,13.293640542467587,5.138630252618566,CEPZ (Kakkanadu)
ORVO EXPORTS P.LTD.,8.817136227317906,1.6356428306012087,CEPZ (Kakkanadu)
OSCAR FARM TRADERS,92.50874253479294,63.96007679305674,Kottapuram
PAZINO INFOTECH P.LTD.,19.277812246690797,9.824377363936204,CEPZ (Kakkanadu)
PEBBLE OF TRADING,22.060229067643693,14.325435830306551,CEPZ (Kakkanadu)
PLANTONORGANIC,52.8708292816474,23.44319357065687,Thannermukkom
PVM FRUITS AND VEGETABLES,4.350067431434046,4.397332123616134,Bolgatty Island (CoPT land-on lease)
REEFCO CONTAINER SERVICES,7.614609412985681,4.413024439507884,CEPZ (Kakkanadu)
REGAL EXPORTERS,107.14715610779614,78.59204590920044,Kottapuram
RICHU GARMENTS,28.213065999774336,13.574801836607179,Vaikkom
SAMSCO EXPORTS,15.690639760506842,3.3035568111114006,Aluva
SHIHAS HOLDING,5.050700395719161,3.7150089794644336,Maradu
SIMPEX TRADING COMPANY,4.751358837354962,4.737881296566685,Bolgatty Island (CoPT land-on lease)
SOUTHERN TRADE WING P.LTD.,100.312793347034,8.038589230750807,Chavara
SURABHI TRADE CENTRE,5990.430233779778,5971.226398917015,Kottapuram
T.R.PACKING PRODUCTS,54.5780221513337,3.2660672496551606,Alappuzha
TAKE OFF SPORTS,52.57857841527291,31.627655455856384,Thannermukkom
TEMPROZE BUSINESS ASSOICATES,15.905723784481573,9.880132070312493,CEPZ (Kakkanadu)
TROPPY FOODS,38.46605142301898,19.819669721203386,Aluva
UNIVERSAL PACKS,7.834629993604567,3.7507233808408023,Maradu
VALGA COATS,28.846826689108827,9.984402630181647,Aluva
VICTORY SALES ASSOCIATES,6.983519953951737,2.8791395079967805,CEPZ (Kakkanadu)
VINGINISSERY SERVICE,52.966995911432996,20.907228122122945,Alappuzha
WADAKKANCHERY SILK GARDEN P.LTD.,1.8728198472083997,0.7626300729550536,Willingdon Island (CoPT land-on lease)
ZAHRA HOLIDAYS,118.55263838602471,89.94518102705898,Kottapuram
ZODIAC ADVERTISERS,3.5166913748707236,3.9044919160941927,Bolgatty Island (CoPT land-on lease)
A.A. EXPORTS,1.8728198472083997,0.7626300729550536,Willingdon Island (CoPT land-on lease)
AAVEES FLOOR COVERING,30.449717495980156,7.313850201401928,Thannermukkom
AGASTHYA AYURVEDIC HOSPITAL,65.45964657014818,37.44375503408935,Thannermukkom
AGUA ENGINEERING,28.846826689108827,9.984402630181647,Aluva
AMBIT N  LIFESCIENCES,111.32202891335061,82.7576474959251,Kottapuram
AMK TRADERS,4.378239478606447,4.086756855127446,Bolgatty Island (CoPT land-on lease)
AQUASTAR MARINE EXPORTS,1.9633711877004516,2.327506503132738,Bolgatty Island (CoPT land-on lease)
ARRIKAR FOODS P.LTD.,34.75932308814593,17.969953602814126,Aluva
AUTOKAST LTD.,34.51558583430734,12.276065459351889,Thannermukkom
AVANI AGRO MILLS,38.46605142301898,19.819669721203386,Aluva
AYAMON INDIA POLYMERS,110.90774721316126,82.73618112131598,Kottapuram
BAY FILED FOOD INGRDIENTS P.LTD.,10.727812738119056,4.391888863426194,CEPZ (Kakkanadu)
BISMI CASHEW COMPANY,122.07448665486567,2.101441548660276,Kollam
BLUE HAWK TRADING LLP,10.606961510068723,2.0403433720475737,CEPZ (Kakkanadu)
CADILLAC AUTOMATION&CONTROLS,10.727812738119056,4.391888863426194,CEPZ (Kakkanadu)
CAPITEVO TRADING LLP,22.40405826958016,5.784332049515654,Vaikkom
CHANGAMPALLY VAIDYA BHAVAN,108.003917150048,79.35121395711887,Kottapuram
COGENT EXPORTS,48.34938650204578,3.0399911238637722,Alappuzha
CONTINENTAL EXPORTS EMPIRE ,34.75932308814593,17.969953602814126,Aluva
DELTA RUBBER FACTORY,61.958464665648286,37.731070642498814,Thannermukkom
DITEYA EXPORTS,4.751358837354962,4.737881296566685,Bolgatty Island (CoPT land-on lease)
DRONA ENGINEERING,30.449717495980156,7.313850201401928,Thannermukkom
ELECTRO TRADING CORPORATION,2.725397561065659,2.708424515677238,Bolgatty Island (CoPT land-on lease)
EMAD EXPORTS,63.11209195933655,41.59318206135769,Thannermukkom
EURANAUS PLY AND BOARDS LLP   ,34.454391181894074,21.145616267465,Aluva
EXOTIC WOOD ZONE INDIA,1.8728198472083997,0.7626300729550536,Willingdon Island (CoPT land-on lease)
FABDEC INTERIORS,10.606961510068723,2.0403433720475737,CEPZ (Kakkanadu)
FIRMER IMPEX ETERPRISES,6.983519953951737,2.8791395079967805,CEPZ (Kakkanadu)
FOREMEX FOODS LLP,6864.1067513324315,6845.298804186587,Aluva
FORMOST POWER SYSTEMS,96.43727466782325,67.99595032482566,Kottapuram
G.R.ACCOUSTICS P.LTD.,6.221889916603116,3.9845729721872343,CEPZ (Kakkanadu)
GRYND FRESH,6.320216249217071,1.0337634212546833,Maradu
HI CARE GLOVES,44.80646729114841,24.845087200950264,Vaikkom
HOPUZ PRINTERS AND PACKAGES,140.3966576427849,111.74238425136691,Kottapuram
IMS TRADING INDIA LLP,142.12946987513195,113.73544439867536,Kottapuram
INFINITY TRADING COMPANY,3.5166913748707236,3.9044919160941927,Bolgatty Island (CoPT land-on lease)
J.J. POLYMERS,22.022669238179557,6.96055466389179,Aluva
J.K.TRADING INTERNATIONAL,51.79093468154864,21.896848080013555,Thannermukkom
JASPER PHYTOEXTRACTS,34.12433964830768,26.342724412279935,CEPZ (Kakkanadu)
JUNGLE FRUITS THIRUVANNAMALAI LLP,10.164889466483157,7.275384319673425,Maradu
KATTUKULAM EXPORTING AD IMPORTING,10.164889466483157,7.275384319673425,Maradu
KAVITHA POLY PACK,32.3534495562316,18.426783325289648,Aluva
KAYIL CROCKERY,122.16012939541211,93.74036526473823,Kottapuram
KUMARAKAM LAKE,52.966995911432996,20.907228122122945,Alappuzha
KUMARAKOM TREASURE,52.966995911432996,20.907228122122945,Alappuzha
LEE MARINE EXPORTS,12.535833754800883,8.866591383178383,Maradu
LUMEN SURGICALS,13.364471653344804,8.085002388637115,Maradu
MALAYALAM VEHICLES INDIA P.LTD.,5.050700395719161,3.7150089794644336,Maradu
MEGHA GRANITES,26.20280101114799,13.292469599075574,Aluva
MOGO KIDS,142.44670846024397,114.76978901976562,Kottapuram
MR.COOK PRIME STORE,19.511373648034578,2.307359088661197,Aluva
NATURAL SPICES TRADING COMPANY,18.062455693654783,6.8809422066826365,Aluva
NEDIYAMALA BASMATI AND SPICES,34.12433964830768,26.342724412279935,CEPZ (Kakkanadu)
NEDUMCHALIL PRINT GRAPHS,28.687487335267424,20.36214697424464,CEPZ (Kakkanadu)
NILAMBUR FURNITURE,6.221889916603116,3.9845729721872343,CEPZ (Kakkanadu)
NKA FRUITS,4.378239478606447,4.086756855127446,Bolgatty Island (CoPT land-on lease)
ONEIRO COLLECTIONS,76.82355644619477,14.46664991492118,Kayamkulam (Ayiramthengu)
OOTY TEA COMPANY,7.614609412985681,4.413024439507884,CEPZ (Kakkanadu)
PACKMEN MACHINERIES P.LTD.,28.846826689108827,9.984402630181647,Aluva
PANICKERS GRANITES,85.29884739482405,20.245041881260732,Kayamkulam (Ayiramthengu)
PARAKKADANS AGRO MILLS,38.46605142301898,19.819669721203386,Aluva
PEEKAY IN STORE,7.614609412985681,4.413024439507884,CEPZ (Kakkanadu)
PLEASANT COFFEE WORKS,63.11209195933655,41.59318206135769,Thannermukkom
PROSNOOKERS,2.725397561065659,2.708424515677238,Bolgatty Island (CoPT land-on lease)
RADX FASHION,36.07343831767251,12.967821407771,Vaikkom
RED SHIPEX TECHNOLOGIES,6.320216249217071,1.0337634212546833,Maradu
ROTARY CLUB OF TIRUPUR NORTH,10.164889466483157,7.275384319673425,Maradu
SANTHOM ON LINE,52.966995911432996,20.907228122122945,Alappuzha
SC EXPORTS,51.439441896362936,0.7605570812753425,Alappuzha
SURABHI INNOVATION,28.846826689108827,9.984402630181647,Aluva
TAASCO ENGINEERING P.LTD.,135.78975180575753,107.16697010584693,Kottapuram
TATEZ FOODS ,22.060229067643693,14.325435830306551,CEPZ (Kakkanadu)
TATEZ FOODS,22.060229067643693,14.325435830306551,CEPZ (Kakkanadu)
TIRUPUR CITY STYLE COLLECTION,10.164889466483157,7.275384319673425,Maradu
TIRUPUR STYLE,10.164889466483157,7.275384319673425,Maradu
TIRUPUR KNITWEAR EXPORTS PVT LTD,10.164889466483157,7.275384319673425,Maradu
TRAVANCORE TRADES AND SERVICES,59.806789776254234,20.667451972378885,Alappuzha
TRI SQUARE GENERAL TRADING,135.78975180575753,107.16697010584693,Kottapuram
UDAYA SAW MILLS AND TIMBER INDUSTRIES,22.891097512519952,8.483888034435854,Aluva
UNIQUE INVENTIONS AND SERVICES,112.96675345333132,85.49100540582478,Kottapuram
V. PUBLISHERS,49.23710644387521,18.489589504831034,Thannermukkom
VOILET GARMENTS,136.08591694184386,108.79725915734244,Kottapuram
WAYANAD FOOD INC.,52.966995911432996,20.907228122122945,Alappuzha
WYANAD FOOD INCORPORATED,52.966995911432996,20.907228122122945,Alappuzha
WAYANAD ORGANIC RESEARCH P LTD,52.966995911432996,20.907228122122945,Alappuzha
ZULI EXPORTS,125.58070921726002,96.95225600176008,Kottapuram
